date,h0,h1,h2,h3,h4,h5
2021-08-15,0.0,1.0,1.0,0.0,1.0,0.0
2022-01-14,1.0,1.0,1.2023831e-18,1.0,1.0,0.0
2024-10-10,0.0,1.0,0.0,0.0,1.0,0.0
2023-09-29,0.0,1.0,1.0,0.0,1.0,0.0
2020-07-27,0.0,1.0,1.0,0.0,1.0,0.0
2020-12-08,0.0,9.5971485e-32,2.2473676e-18,9.110907e-16,1.0,0.0
2024-05-29,0.0,0.0,1.0,0.0,1.0,0.0
2024-04-30,1.0,0.0,1.0,1.0,0.0,0.0
2023-03-31,1.0,1.0,1.0,1.0,1.0,0.0
2021-07-14,0.0,0.0,1.0,0.0,1.0,0.0
2024-10-02,0.0,0.0,1.0,0.0,1.0,0.0
2021-06-21,0.0,0.0,1.0,0.0,1.0,0.0
2020-06-03,0.0,0.0,1.0,0.0,1.0,0.0
2024-10-25,0.0,1.0,0.0,0.0,1.0,0.0
2024-07-22,0.0,0.0,1.0,0.0,1.0,0.0
2019-12-26,1.0,0.99996674,1.0,1.0,1.0,0.0
2022-12-25,1.0,0.0,0.0,1.0,1.0,0.0
2024-03-14,0.0,0.0,1.0,1.0,1.0,0.0
2020-10-30,0.0,0.0,1.0,0.0,1.0,0.0
2021-08-10,0.0,0.0,1.0,0.0,1.0,0.0
2022-07-28,0.0,1.0,1.0,0.0,1.0,0.0
2023-10-20,0.0,1.0,1.0,0.0,1.0,0.0
2019-06-30,0.0,0.0,1.0,0.0,1.0,0.0
2022-02-14,0.0,1.0,1.370371e-17,1.0,1.0,1.0
2023-01-17,1.0,0.0,0.0,1.0,1.0,0.0
2022-03-29,1.0,1.0,1.0,1.0,1.0,0.0
2020-05-04,1.0,1.0,1.0,1.0,1.0,0.0
2020-06-21,0.0,0.0,0.0,0.0,1.0,0.0
2022-03-21,0.0,1.0,1.0,1.0,1.0,0.0
2022-01-10,1.0,0.9999949,1.9368253e-35,1.0,1.0,0.0
2023-01-10,1.0,0.0,0.0,1.0,1.0,0.0
2023-01-12,1.0,0.0,0.0,1.0,1.0,0.0
2021-01-12,0.0,2.5307643e-09,0.0,1.0,1.0,1.0
2024-06-30,0.0,0.0,1.0,0.0,1.0,0.0
2020-10-06,0.0,1.0,1.0,0.0,1.0,0.0
2022-08-02,0.0,1.0,1.0,0.0,1.0,0.0
2022-08-23,0.0,0.0,1.0,0.0,1.0,0.0
2023-01-01,1.0,0.0,0.0,1.0,1.0,0.0
2022-11-03,1.0,0.0,0.0,0.0,1.0,0.0
2021-10-07,0.0,0.0,1.0,0.0,1.0,0.0
2020-02-28,0.0,0.0,0.0,1.0,1.0,1.0
2023-12-26,1.0,4.9616053e-17,0.0,1.0,1.0,0.0
2020-09-03,0.0,0.0,1.0,0.0,1.0,0.0
2024-11-21,0.0,1.0,0.0,0.0,1.0,0.0
2022-09-21,0.0,1.0,1.0,0.0,1.0,0.0
2024-05-30,0.0,0.0,1.0,0.0,1.0,0.0
2020-08-21,0.0,0.0,1.0,0.0,1.0,0.0
2020-06-13,0.0,0.0,1.0,0.0,1.0,0.0
2020-06-18,0.0,0.0,0.0,0.0,1.0,0.0
2023-04-10,1.0,1.0,1.0,1.0,1.0,0.0
2024-08-20,0.0,1.0,1.0,0.0,1.0,0.0
2022-06-11,0.0,0.0,1.0,0.0,1.0,0.0
2020-05-21,1.0,0.0,1.0,0.0,1.0,0.0
2024-10-06,0.0,1.0,1.0,0.0,1.0,0.0
2022-06-05,9.594846e-31,0.0,1.0,0.0,1.0,0.0
2020-01-22,1.0,1.0,1.0,1.0,1.0,0.0
2023-05-11,1.0,0.9996395,1.0,1.0,1.0,0.0
2021-07-07,0.0,0.0,1.0,0.0,1.0,0.0
2022-02-24,0.0,0.0,0.0,1.0,1.0,1.0
2019-09-25,0.0,0.0,1.0,0.0,1.0,0.0
2019-05-17,1.0,1.0,1.0,1.0,1.0,0.0
2022-07-17,0.0,1.0,1.0,0.0,1.0,0.0
2024-12-08,0.0,1.0,0.0,0.0,1.0,0.0
2020-01-06,1.0,1.0,1.0,1.0,1.0,0.0
2023-08-18,0.0,1.0,1.0,0.0,1.0,0.0
2024-12-14,0.0,1.0,0.0,0.0,1.0,0.0
2019-09-28,0.0,0.0,1.0,0.0,1.0,0.0
2021-08-18,0.0,0.0,1.0,0.0,1.0,0.0
2022-01-19,1.0,1.0,0.0018149803,1.0,1.0,0.0
2021-08-28,0.0,0.0,1.0,0.0,1.0,0.0
2020-02-18,0.0,3.5242738e-05,1.0,1.0,1.0,1.0
2022-03-05,0.0,0.0,0.0,1.0,1.0,1.0
2021-03-17,1.0,1.0,1.0,1.0,1.0,0.0
2020-10-10,0.0,0.0,1.0,0.0,1.0,0.0
2023-09-02,0.0,1.0,1.0,0.0,1.0,0.0
2022-09-01,0.0,0.0,1.0,0.0,1.0,0.0
2020-11-26,0.0,0.0,4.2140175e-28,0.0,1.0,0.0
2019-11-02,0.0,0.0,1.0,0.0,1.0,0.0
2024-06-20,0.0,0.0,0.0,0.0,1.0,0.0
2024-07-17,0.0,0.0,1.0,0.0,1.0,0.0
2024-08-03,0.0,1.0,1.0,0.0,1.0,0.0
2024-12-06,0.0,1.0,0.0,0.0,1.0,0.0
2024-05-22,0.0,0.0,1.0,0.0,1.0,0.0
2020-07-15,0.0,0.0,1.0,0.0,1.0,0.0
2024-11-13,0.0,1.0,0.0,0.0,1.0,0.0
2023-08-16,0.0,0.0,1.0,0.0,1.0,0.0
2024-02-06,0.0,1.0,1.0,1.0,1.0,0.0
2023-04-22,1.0,0.0,1.0,1.0,0.0,0.0
2021-05-11,1.0,1.0,1.0,1.0,0.0,0.0
2023-06-27,0.0,0.0,1.0,0.0,1.0,0.0
2019-09-06,0.0,0.0,1.0,0.0,1.0,0.0
2023-09-08,0.0,1.0,1.0,0.0,1.0,0.0
2021-01-10,0.0,1.7843317e-12,0.0,1.0,1.0,1.0
2021-12-07,1.0,0.0,0.0,1.0,1.0,0.0
2020-01-02,1.0,0.9781205,1.0,1.0,1.0,0.0
2022-02-08,4.6276444e-05,1.0,2.4676415e-23,1.0,1.0,0.0
2019-12-21,0.9999932,1.0,1.0,1.0,1.0,0.0
2020-05-07,1.0,2.7414556e-20,1.0,1.0,1.0,0.0
2023-11-22,1.0,0.0,0.0,1.0,1.0,0.0
2020-03-26,1.0,1.0,1.0,1.0,1.0,0.0
2023-09-14,0.0,1.0,1.0,0.0,1.0,0.0
2019-05-24,0.0,1.0,1.0,0.0,1.0,0.0
2023-05-21,1.0,0.0,1.0,0.0,1.0,0.0
2021-09-18,0.0,0.0,1.0,0.0,1.0,0.0
2020-04-21,1.0,1.0,1.0,1.0,1.0,0.0
2021-02-19,1.5520493e-28,0.0,0.0,1.0,1.0,0.0
2024-04-27,1.0,1.0,1.0,1.0,1.0,0.0
2019-06-06,0.0,0.0,1.0,0.0,1.0,0.0
2021-08-08,0.0,1.0,1.0,0.0,1.0,0.0
2019-10-10,0.0,0.0,1.0,0.0,1.0,0.0
2024-02-25,0.0,0.0,1.0,1.0,1.0,0.0
2022-09-02,0.0,0.0,1.0,0.0,1.0,0.0
2019-03-30,1.0,1.0,1.0,1.0,1.0,0.0
2024-10-07,0.0,1.0,1.0,0.0,1.0,0.0
2020-05-05,1.0,1.0,1.0,1.0,1.0,0.0
2021-09-10,0.0,0.0,1.0,0.0,1.0,0.0
2021-12-16,1.0,0.0,0.0,1.0,1.0,0.0
2022-06-07,0.0,0.0,1.0,0.0,1.0,0.0
2024-02-07,0.0,1.0,1.0,1.0,1.0,0.0
2022-08-28,0.0,0.0,1.0,0.0,1.0,0.0
2020-01-05,1.0,1.0,1.0,1.0,1.0,0.0
2020-06-23,0.0,0.0,0.0,0.0,1.0,0.0
2022-06-04,1.0,0.0,1.0,0.0,0.0,0.0
2024-12-15,0.0,1.0,0.0,0.0,1.0,0.0
2023-06-12,0.0,0.0,1.0,0.0,1.0,0.0
2023-11-03,0.0,1.0,1.0,0.0,1.0,0.0
2024-05-09,2.0089768e-35,0.0,1.0,1.0,0.0,0.0
2020-11-12,0.0,6.490154e-20,0.17574686,0.0,1.0,0.0
2021-01-27,0.0,0.0,0.0,1.0,1.0,1.0
2019-08-28,0.0,0.0,1.0,0.0,1.0,0.0
2023-08-19,0.0,1.0,1.0,0.0,1.0,0.0
2022-03-13,0.0,1.0,0.0,1.0,1.0,0.0
2020-02-13,0.0,1.0,1.0,1.0,1.0,1.0
2024-07-28,0.0,0.0,1.0,0.0,1.0,0.0
2024-10-04,0.0,0.9911562,1.0,0.0,1.0,0.0
2021-07-06,0.0,0.0,1.0,0.0,1.0,0.0
2020-12-24,0.0,0.9999995,9.856838e-07,1.0,1.0,0.0
2019-08-31,0.0,0.0,1.0,0.0,1.0,0.0
2024-09-08,0.0,1.0,1.0,0.0,1.0,0.0
2022-12-13,1.0,0.0,0.0,1.0,1.0,0.0
2023-06-17,0.0,0.0,1.0,0.0,1.0,0.0
2022-07-03,0.0,1.0,1.0,0.0,1.0,0.0
2022-12-28,1.0,0.0,0.0,1.0,1.0,0.0
2020-02-20,0.0,0.0,0.0,1.0,1.0,1.0
2024-07-30,0.0,0.0,1.0,0.0,1.0,0.0
2023-12-11,1.0,0.0,0.0,1.0,1.0,0.0
2023-09-25,0.0,1.0,1.0,0.0,1.0,0.0
2020-12-29,0.0,5.4462976e-09,3.9873532e-33,1.0,1.0,0.0
2019-09-26,0.0,0.0,1.0,0.0,1.0,0.0
2024-09-27,0.0,0.0,1.0,0.0,1.0,0.0
2021-05-10,1.0,1.0,1.0,1.0,0.0,0.0
2023-12-08,1.0,0.0,0.0,1.0,1.0,0.0
2021-02-21,1.0,0.0,0.0,1.0,1.0,0.0
2019-06-09,0.0,0.0,1.0,0.0,1.0,0.0
2020-09-17,0.0,0.0,1.0,0.0,1.0,0.0
2023-02-04,1.0,0.0,0.0,1.0,1.0,0.0
2019-09-02,0.0,0.0,1.0,0.0,1.0,0.0
2024-08-18,0.0,1.0,1.0,0.0,1.0,0.0
2019-06-29,0.0,0.0,1.0,0.0,1.0,0.0
2020-11-05,0.0,3.4903245e-33,1.0,0.0,1.0,0.0
2020-06-05,0.0,0.0,1.0,0.0,1.0,0.0
2019-10-29,0.0,0.0,1.0,0.0,1.0,0.0
2020-03-09,0.0,0.0,0.0,1.0,1.0,1.0
2020-09-19,0.0,0.0,1.0,0.0,1.0,0.0
2019-07-13,0.0,0.0,1.0,0.0,1.0,0.0
2022-12-14,1.0,0.0,0.0,1.0,1.0,0.0
2020-02-25,0.0,0.0,0.0,1.0,1.0,1.0
2019-08-24,0.0,0.0,1.0,0.0,1.0,0.0
2019-12-28,1.0,0.9950707,1.0,1.0,1.0,0.0
2024-10-09,0.0,1.0,0.0,0.0,1.0,0.0
2023-04-13,1.0,1.0,1.0,1.0,1.0,0.0
2019-09-20,0.0,0.0,1.0,0.0,1.0,0.0
2022-01-20,1.0,1.0,0.08587413,1.0,1.0,1.2099648e-35
2020-06-01,0.0,0.0,1.0,0.0,1.0,0.0
2023-11-01,0.0,1.0,1.0,0.0,1.0,0.0
2021-03-08,1.0,1.0,1.0,1.0,1.0,0.0
2020-08-13,0.0,1.0,1.0,0.0,1.0,0.0
2020-03-01,0.0,0.0,0.0,1.0,1.0,1.0
2020-07-09,0.0,0.0,1.0,0.0,1.0,0.0
2019-10-07,0.0,0.0,1.0,0.0,1.0,0.0
2021-06-30,0.0,0.0,1.0,0.0,1.0,0.0
2024-12-30,0.0,0.34091115,0.0,0.0,1.0,0.0
2023-05-25,1.0,0.0,1.0,0.0,1.0,0.0
2022-03-17,0.0,1.0,1.0,1.0,1.0,0.0
2019-10-14,0.0,0.0,1.0,0.0,1.0,0.0
2024-05-26,0.0,0.0,1.0,0.0,1.0,0.0
2024-09-21,0.0,0.0,1.0,0.0,1.0,0.0
2024-01-04,3.6658464e-33,5.9786867e-06,2.8761114e-36,1.0,1.0,0.0
2023-03-07,1.0,0.0,0.0,1.0,1.0,0.0
2022-05-30,0.0,0.0,1.0,0.0,1.0,0.0
2020-06-04,0.0,0.0,1.0,0.0,1.0,0.0
2021-02-01,0.0,0.0,0.0,1.0,1.0,1.0
2021-03-12,1.0,1.0,0.0,1.0,1.0,0.0
2019-03-28,0.0,1.0,1.0,1.0,1.0,0.0
2024-01-06,0.0,7.981128e-15,0.0,1.0,1.0,0.0
2024-12-18,0.0,1.0,0.0,0.0,1.0,0.0
2024-11-24,0.0,1.0,0.0,0.0,1.0,0.0
2020-06-30,0.0,0.0,1.0,0.0,1.0,0.0
2022-11-02,1.0,0.0,0.0,0.0,1.0,0.0
2024-04-24,1.0,1.0,1.0,1.0,1.0,0.0
2019-05-08,0.99720687,1.0,1.0,0.0,1.0,0.0
2022-03-26,0.0,1.0,1.0,1.0,1.0,0.0
2022-09-25,0.0,1.0,1.0,0.0,1.0,0.0
2020-03-15,0.003025268,0.0,1.0,1.0,1.0,0.0
2023-09-17,0.0,1.0,1.0,0.0,1.0,0.0
2024-12-16,0.0,1.0,0.0,0.0,1.0,0.0
2023-06-05,0.0,0.0,1.0,0.0,1.0,0.0
2019-06-10,0.0,0.0,1.0,0.0,1.0,0.0
2021-06-27,0.0,0.0,1.0,0.0,1.0,0.0
2020-01-27,1.0,1.0,1.0,1.0,1.0,0.0
2024-04-09,1.0,1.0,1.0,1.0,1.0,0.0
2021-04-26,1.0,1.0,1.0,0.0,1.0,0.0
2019-03-29,0.0,1.0,1.0,1.0,1.0,0.0
2021-05-30,0.0,0.0,0.0,0.0,1.0,0.0
2022-11-17,1.0,0.0,0.0,1.0,1.0,0.0
2021-05-03,1.0,1.0,1.0,1.0,0.0,0.0
2022-06-19,0.0,0.0,1.0,0.0,1.0,0.0
2023-08-14,0.0,0.0,1.0,0.0,1.0,0.0
2022-09-14,0.0,1.0,1.0,0.0,1.0,0.0
2023-01-18,1.0,0.0,0.0,1.0,1.0,0.0
2020-11-22,0.0,0.0,2.4015998e-11,0.0,1.0,0.0
2023-07-06,0.0,0.0,1.0,0.0,1.0,0.0
2024-05-07,0.0,0.0,1.0,0.0,0.0,0.0
2023-04-11,1.0,1.0,1.0,1.0,1.0,0.0
2024-07-25,0.0,0.0,1.0,0.0,1.0,0.0
2023-06-15,0.0,0.0,1.0,0.0,1.0,0.0
2021-05-29,0.0,0.0,0.0,0.0,1.0,0.0
2023-01-28,1.0,0.0,0.0,1.0,1.0,0.0
2020-06-22,0.0,0.0,0.0,0.0,1.0,0.0
2019-07-02,0.0,1.0,1.0,0.0,1.0,0.0
2019-06-19,0.0,0.0,1.0,0.0,1.0,0.0
2023-05-16,1.0,0.0,1.0,0.0,1.0,0.0
2020-06-25,0.0,0.0,0.0,0.0,1.0,0.0
2021-10-05,0.0,0.0,1.0,0.0,1.0,0.0
2022-08-09,0.0,0.0,1.0,0.0,1.0,0.0
2021-10-30,0.0,0.0,0.0,0.0,1.0,0.0
2021-01-08,0.0,5.257283e-08,2.0307595e-27,1.0,1.0,1.0
2022-01-26,1.0,1.0,1.0,1.0,1.0,0.0
2021-07-26,0.0,0.0,1.0,0.0,1.0,0.0
2021-09-11,0.0,0.0,1.0,0.0,1.0,0.0
2023-03-05,1.0,0.0,0.0,1.0,1.0,0.0
2023-12-04,1.0,0.0,0.0,1.0,1.0,0.0
2020-10-23,0.0,0.0,1.0,0.0,1.0,0.0
2023-10-08,0.0,1.0,1.0,0.0,1.0,0.0
2023-12-14,1.0,0.0,0.0,1.0,1.0,0.0
2019-04-02,1.0,1.0,1.0,1.0,1.0,0.0
2023-09-30,0.0,1.0,1.0,0.0,1.0,0.0
2022-01-09,1.0,0.999877,1.4796147e-36,1.0,1.0,0.0
2022-09-30,0.0,1.0,1.0,0.0,1.0,0.0
2024-08-24,0.0,1.0,1.0,0.0,1.0,0.0
2021-09-06,0.0,0.0,1.0,0.0,1.0,0.0
2021-11-29,1.0,0.0,0.0,1.0,1.0,0.0
2023-08-17,0.0,0.0,1.0,0.0,1.0,0.0
2024-01-13,0.0,5.850696e-28,0.0,1.0,1.0,0.0
2023-04-17,1.0,5.1034287e-24,1.0,1.0,0.0,0.0
2023-09-22,0.0,1.0,1.0,0.0,1.0,0.0
2023-01-06,1.0,0.0,0.0,1.0,1.0,0.0
2021-03-18,1.0,1.0,1.0,1.0,1.0,0.0
2022-07-29,0.0,1.0,1.0,0.0,1.0,0.0
2022-08-05,0.0,1.0,1.0,0.0,1.0,0.0
2019-12-09,1.0,1.0,1.0,1.0,1.0,0.0
2023-01-19,1.0,0.0,0.0,1.0,1.0,0.0
2024-07-06,0.0,0.0,1.0,0.0,1.0,0.0
2022-02-20,0.0,0.0,0.0,1.0,1.0,1.0
2020-07-06,0.0,0.0,1.0,0.0,1.0,0.0
2022-02-28,0.0,0.0,0.0,1.0,1.0,1.0
2021-03-04,1.0,1.0,1.0,1.0,1.0,0.0
2020-09-24,0.0,1.0,1.0,0.0,1.0,0.0
2024-03-08,0.0,0.0,1.0,1.0,1.0,0.0
2024-10-15,0.0,1.0,0.0,0.0,1.0,0.0
2023-03-18,1.0,1.0,0.0,1.0,1.0,0.0
2019-06-02,0.0,0.0,0.0,0.0,1.0,0.0
2020-09-28,0.0,1.0,1.0,0.0,1.0,0.0
2019-07-01,0.0,1.0,1.0,0.0,1.0,0.0
2024-03-28,0.9999764,1.0,1.0,1.0,1.0,0.0
2020-12-30,0.0,2.907689e-10,4.796478e-31,1.0,1.0,5.207443e-38
2023-04-30,1.0,0.0,1.0,1.0,0.0,0.0
2020-05-24,1.0,0.0,1.0,0.0,1.0,0.0
2019-11-19,1.0,1.0,1.0,0.0,1.0,0.0
2020-01-29,0.00017713924,1.0,1.0,1.0,1.0,0.0
2023-05-05,1.0,1.2581412e-05,1.0,1.0,1.0,0.0
2019-10-26,0.0,0.0,1.0,0.0,1.0,0.0
2023-05-24,1.0,0.0,1.0,0.0,1.0,0.0
2023-06-07,0.0,0.0,1.0,0.0,1.0,0.0
2022-04-02,0.0,1.0,1.0,1.0,1.0,0.0
2023-01-23,1.0,0.0,0.0,1.0,1.0,0.0
2019-06-27,0.0,0.0,1.0,0.0,1.0,0.0
2022-07-31,0.0,1.0,1.0,0.0,1.0,0.0
2022-03-16,0.0,1.0,1.0,1.0,1.0,0.0
2020-12-11,0.0,8.145552e-32,1.288142e-22,2.3238267e-09,1.0,0.0
2024-04-01,1.0,1.0,1.0,1.0,1.0,0.0
2021-08-04,0.0,1.0,1.0,0.0,1.0,0.0
2020-12-06,0.0,4.9601127e-31,1.2576547e-14,4.1325755e-35,1.0,0.0
2020-12-21,0.0,3.7238253e-21,7.65118e-35,1.0,1.0,0.0
2020-11-13,0.0,0.0,0.0009618899,0.0,1.0,0.0
2021-08-25,0.0,1.5499158e-25,1.0,0.0,1.0,0.0
2023-02-08,1.0,0.0,0.0,1.0,1.0,0.0
2022-11-23,1.0,0.0,0.0,1.0,1.0,0.0
2023-12-10,1.0,0.0,0.0,1.0,1.0,0.0
2023-01-21,1.0,0.0,0.0,1.0,1.0,0.0
2024-12-10,0.0,1.0,0.0,0.0,1.0,0.0
2023-04-18,1.0,5.2154576e-37,1.0,1.0,0.0,0.0
2023-12-29,0.99999857,1.22421515e-17,0.0,1.0,1.0,0.0
2023-12-27,1.0,6.0066786e-14,0.0,1.0,1.0,0.0
2020-10-21,0.0,0.0,1.0,0.0,1.0,0.0
2020-11-03,0.0,0.0,1.0,0.0,1.0,0.0
2022-11-08,1.0,0.0,0.0,1.0,1.0,0.0
2021-04-14,1.0,1.0,1.0,0.0,1.0,0.0
2021-08-31,0.0,0.0,1.0,0.0,1.0,0.0
2021-10-09,0.0,0.0,1.0,0.0,1.0,0.0
2024-07-10,0.0,0.0,1.0,0.0,1.0,0.0
2023-12-21,1.0,0.0,0.0,1.0,1.0,0.0
2023-04-16,1.0,1.0,1.0,1.0,0.0,0.0
2020-04-06,1.0,1.0,1.0,1.0,1.0,0.0
2023-09-05,0.0,1.0,1.0,0.0,1.0,0.0
2020-07-29,0.0,1.0,1.0,0.0,1.0,0.0
2020-07-30,0.0,1.0,1.0,0.0,1.0,0.0
2023-08-21,0.0,1.0,1.0,0.0,1.0,0.0
2023-05-27,1.0,0.0,1.0,0.0,1.0,0.0
2022-02-16,0.0,1.0,0.0,1.0,1.0,1.0
2019-10-09,0.0,0.0,1.0,0.0,1.0,0.0
2023-10-24,0.0,1.0,1.0,0.0,1.0,0.0
2023-09-10,0.0,1.0,1.0,0.0,1.0,0.0
2020-09-27,0.0,1.0,1.0,0.0,1.0,0.0
2021-12-05,1.0,0.0,0.0,1.0,1.0,0.0
2024-09-24,0.0,0.0,1.0,0.0,1.0,0.0
2024-01-26,0.0,0.18194333,1.8508149e-10,1.0,1.0,0.0
2019-09-24,0.0,0.0,1.0,0.0,1.0,0.0
2020-10-01,0.0,1.0,1.0,0.0,1.0,0.0
2021-09-02,0.0,0.0,1.0,0.0,1.0,0.0
2024-04-08,1.0,1.0,1.0,1.0,1.0,0.0
2022-09-07,0.0,1.0,1.0,0.0,1.0,0.0
2020-08-29,0.0,0.0,1.0,0.0,1.0,0.0
2019-04-12,1.0,1.0,1.0,1.0,1.0,0.0
2022-07-16,0.0,1.0,1.0,0.0,1.0,0.0
2020-09-20,0.0,0.0,1.0,0.0,1.0,0.0
2023-10-14,0.0,1.0,1.0,0.0,1.0,0.0
2023-05-17,1.0,0.0,1.0,7.761884e-37,1.0,0.0
2023-08-05,0.0,1.0,1.0,0.0,1.0,0.0
2022-01-22,1.0,1.0,0.06606325,1.0,1.0,0.0
2020-12-23,0.0,2.1133046e-15,3.1672885e-19,1.0,1.0,0.0
2019-11-26,1.0,1.0,1.0,1.0,1.0,0.0
2022-02-11,0.0,1.0,1.0,1.0,1.0,3.0203273e-16
2021-08-03,0.0,1.0,1.0,0.0,1.0,0.0
2022-06-24,0.0,0.0,1.0,0.0,1.0,0.0
2020-05-10,1.0,0.0,1.0,1.0,1.0,0.0
2021-11-26,1.0,0.0,0.0,1.0,1.0,0.0
2021-01-15,0.0,8.967414e-27,0.0,1.0,1.0,1.0
2020-11-16,0.0,0.0,6.6760244e-35,0.0,1.0,0.0
2024-04-29,1.0,2.1888888e-11,1.0,1.0,1.0,0.0
2023-01-16,1.0,0.0,0.0,1.0,1.0,0.0
2024-05-16,0.0,0.0,1.0,0.0,1.0,0.0
2023-10-13,0.0,1.0,1.0,0.0,1.0,0.0
2020-03-08,0.0,0.0,0.0,1.0,1.0,1.0
2024-09-06,0.0,1.0,1.0,0.0,1.0,0.0
2023-08-08,0.0,0.0,1.0,0.0,1.0,0.0
2020-02-09,0.0,1.0,1.0,1.0,1.0,1.0
2020-11-19,0.0,0.0,0.9999999,0.0,1.0,0.0
2024-03-24,0.0,1.0,1.0,1.0,1.0,0.0
2021-03-07,1.0,1.0,0.0,1.0,1.0,0.0
2023-09-18,0.0,1.0,1.0,0.0,1.0,0.0
2024-08-01,0.0,1.0,1.0,0.0,1.0,0.0
2020-03-22,9.6037107e-23,1.0,1.0,1.0,1.0,0.0
2021-10-23,0.0,0.0,0.0,0.0,1.0,0.0
2023-04-09,1.0,1.0,1.0,1.0,1.0,0.0
2024-04-15,1.0,1.0,1.0,1.0,1.0,0.0
2024-09-01,0.0,1.0,1.0,0.0,1.0,0.0
2024-09-23,0.0,0.0,1.0,0.0,1.0,0.0
2021-11-07,1.0,0.0,0.0,1.0,1.0,0.0
2021-01-09,0.0,0.25201523,1.4773243e-29,1.0,1.0,1.0
2022-01-08,1.0,1.0,3.56673e-36,1.0,1.0,0.0
2021-12-28,1.0,3.1030462e-32,0.0,1.0,1.0,0.0
2022-06-17,0.0,0.0,1.0,0.0,1.0,0.0
2020-11-14,0.0,0.0,4.386342e-17,0.0,1.0,0.0
2023-10-02,0.0,1.0,1.0,0.0,1.0,0.0
2020-04-15,1.0,1.0,1.0,1.0,1.0,0.0
2021-02-02,0.0,0.0,0.0,1.0,1.0,1.0
2024-08-16,0.0,1.0,1.0,0.0,1.0,0.0
2024-11-19,0.0,1.0,0.0,0.0,1.0,0.0
2023-01-05,1.0,0.0,0.0,1.0,1.0,0.0
2019-08-23,0.0,0.0,1.0,0.0,1.0,0.0
2022-09-29,0.0,1.0,1.0,0.0,1.0,0.0
2024-09-02,0.0,1.0,1.0,0.0,1.0,0.0
2020-02-22,0.0,0.0,0.0,1.0,1.0,1.0
2019-11-07,1.0,0.0,1.0,0.0,1.0,0.0
2021-07-09,0.0,0.0,1.0,0.0,1.0,0.0
2024-02-11,0.0,1.0,1.0,1.0,1.0,0.0
2023-12-06,1.0,0.0,0.0,1.0,1.0,0.0
2024-03-31,1.0,1.0,1.0,1.0,1.0,0.0
2021-12-30,1.0,5.570297e-13,0.0,1.0,1.0,0.0
2019-05-11,0.012033671,1.0,1.0,0.0,1.0,0.0
2022-01-11,1.0,0.72763056,3.3778274e-28,1.0,1.0,0.0
2022-02-12,0.0,1.0,1.0,1.0,1.0,1.0
2022-02-15,0.0,1.0,1.3079574e-38,1.0,1.0,1.0
2024-06-22,0.0,0.0,1.0,0.0,1.0,0.0
2023-06-29,0.0,0.0,1.0,0.0,1.0,0.0
2021-05-26,0.0,0.0,0.0,0.0,1.0,0.0
2023-01-25,1.0,0.0,0.0,1.0,1.0,0.0
2019-06-13,0.0,0.0,1.0,0.0,1.0,0.0
2023-08-23,0.0,1.0,1.0,0.0,1.0,0.0
2023-11-29,1.0,0.0,0.0,1.0,1.0,0.0
2021-04-07,1.0,1.0,1.0,1.0,1.0,0.0
2020-10-18,0.0,0.0,1.0,0.0,1.0,0.0
2024-06-19,1.0,0.0,0.0,1.0,1.0,0.0
2024-05-18,0.0,0.0,1.0,0.0,1.0,0.0
2023-12-13,1.0,0.0,0.0,1.0,1.0,0.0
2024-04-22,1.0,1.0,1.0,1.0,1.0,0.0
2021-04-24,0.9999684,1.0,1.0,0.0,1.0,0.0
2023-08-03,0.0,1.0,1.0,0.0,1.0,0.0
2020-09-30,0.0,1.0,1.0,0.0,1.0,0.0
2023-09-01,0.0,1.0,1.0,0.0,1.0,0.0
2023-08-12,0.0,0.0,1.0,0.0,1.0,0.0
2023-05-15,1.0,0.0,1.0,1.0,1.0,0.0
2021-12-13,1.0,0.0,0.0,1.0,1.0,0.0
2022-11-05,1.0,0.0,0.0,1.0,1.0,0.0
2020-10-12,0.0,0.0,1.0,0.0,1.0,0.0
2023-07-12,0.0,1.0,1.0,0.0,1.0,0.0
2020-10-07,0.0,1.0,1.0,0.0,1.0,0.0
2021-11-04,0.0,0.0,0.0,1.0,1.0,0.0
2022-06-14,0.0,0.0,1.0,0.0,1.0,0.0
2020-10-14,0.0,0.0,1.0,0.0,1.0,0.0
2024-12-12,0.0,1.0,0.0,0.0,1.0,0.0
2020-12-15,0.0,3.1516305e-20,7.1288434e-07,1.0,1.0,0.0
2023-07-30,0.0,1.0,1.0,0.0,1.0,0.0
2020-07-08,0.0,0.0,1.0,0.0,1.0,0.0
2022-02-17,0.0,4.291526e-22,0.0,1.0,1.0,1.0
2021-06-17,0.0,0.0,1.0,0.0,1.0,0.0
2024-02-28,0.0,0.0,0.0,1.0,1.0,0.0
2021-12-22,1.0,0.0,0.0,1.0,1.0,0.0
2021-10-10,0.0,0.0,1.0,0.0,1.0,0.0
2024-09-04,0.0,1.0,1.0,0.0,1.0,0.0
2021-12-11,1.0,0.0,0.0,1.0,1.0,0.0
2022-05-08,1.0,0.0,1.0,1.0,1.3948924e-37,0.0
2019-07-06,0.0,1.0,1.0,0.0,1.0,0.0
2022-04-20,1.0,1.0,1.0,1.0,1.0,0.0
2024-04-25,1.0,1.0,1.0,1.0,1.0,0.0
2024-10-14,0.0,1.0,0.0,0.0,1.0,0.0
2020-03-05,0.0,0.0,0.0,1.0,1.0,1.0
2020-03-28,1.0,1.0,1.0,1.0,1.0,0.0
2020-03-07,0.0,0.0,0.0,1.0,1.0,1.0
2023-02-22,1.0,0.0,0.0,1.0,1.0,0.0
2022-07-20,0.0,1.0,1.0,0.0,1.0,0.0
2019-09-29,0.0,0.0,1.0,0.0,1.0,0.0
2022-12-03,1.0,0.0,0.0,1.0,1.0,0.0
2019-12-25,1.0,1.9214643e-07,1.0,1.0,1.0,0.0
2023-06-21,0.0,0.0,1.0,0.0,1.0,0.0
2024-09-30,0.0,0.0,1.0,0.0,1.0,0.0
2023-02-13,1.0,0.0,0.0,1.0,1.0,0.0
2020-05-06,1.0,0.99999046,1.0,1.0,1.0,0.0
2024-09-03,0.0,1.0,1.0,0.0,1.0,0.0
2023-09-04,0.0,1.0,1.0,0.0,1.0,0.0
2024-02-01,0.0,1.0,1.0,1.0,1.0,0.0
2022-05-19,0.0,0.0,1.0,0.0,1.0,0.0
2024-09-22,0.0,0.0,1.0,0.0,1.0,0.0
2022-09-09,0.0,1.0,1.0,0.0,1.0,0.0
2023-11-18,1.0,0.0,0.0,1.0,1.0,0.0
2019-11-03,4.478644e-39,0.0,1.0,0.0,1.0,0.0
2022-03-14,0.0,1.0,1.0,1.0,1.0,0.0
2023-10-04,0.0,1.0,1.0,0.0,1.0,0.0
2020-06-15,0.0,0.0,1.0,0.0,1.0,0.0
2022-01-17,1.0,1.0,4.3622666e-07,1.0,1.0,1.7189775e-36
2021-04-11,1.0,1.0,1.0,1.0,1.0,0.0
2023-12-09,1.0,0.0,0.0,1.0,1.0,0.0
2024-03-16,0.0,0.0,1.0,1.0,1.0,0.0
2019-11-21,1.0,1.0,1.0,0.0,1.0,0.0
2022-02-06,0.0,1.0,0.0,1.0,1.0,1.6284513e-29
2021-09-03,0.0,0.0,1.0,0.0,1.0,0.0
2019-11-05,1.19053894e-26,0.0,1.0,0.0,1.0,0.0
2020-10-26,0.0,0.0,1.0,0.0,1.0,0.0
2024-08-22,0.0,1.0,1.0,0.0,1.0,0.0
2020-08-01,0.0,1.0,1.0,0.0,1.0,0.0
2024-09-13,0.0,8.1579714e-22,1.0,0.0,1.0,0.0
2019-05-30,0.0,0.0,0.0,0.0,1.0,0.0
2021-01-23,0.0,0.0,0.0,1.0,1.0,1.0
2022-12-06,1.0,0.0,0.0,1.0,1.0,0.0
2020-09-13,0.0,0.0,1.0,0.0,1.0,0.0
2024-09-17,0.0,0.0,1.0,0.0,1.0,0.0
2024-01-21,0.0,2.9781793e-38,0.0,1.0,1.0,1.2905864e-37
2024-11-04,0.0,1.0,0.0,0.0,1.0,0.0
2023-05-01,1.0,0.0,1.0,1.0,0.0,0.0
2021-09-15,0.0,0.0,1.0,0.0,1.0,0.0
2024-06-09,1.0,0.0,0.0,1.0,1.0,0.0
2021-02-20,1.0,0.0,0.0,1.0,1.0,0.0
2020-10-19,0.0,0.0,1.0,0.0,1.0,0.0
2023-12-05,1.0,0.0,0.0,1.0,1.0,0.0
2020-07-10,0.0,0.0,1.0,0.0,1.0,0.0
2023-07-22,0.0,1.0,1.0,0.0,1.0,0.0
2021-05-16,1.0,1.3849076e-16,1.0,1.0,9.24224e-32,0.0
2024-12-27,0.0,1.0,0.0,0.0,1.0,0.0
2024-02-05,0.0,1.0,1.0,1.0,1.0,0.0
2019-05-02,1.0,1.0,1.0,1.0,1.0,0.0
2021-01-20,0.0,1.4163987e-38,0.0,1.0,1.0,1.0
2020-10-04,0.0,1.0,1.0,0.0,1.0,0.0
2024-11-08,0.0,1.0,0.0,0.0,1.0,0.0
2021-09-23,0.0,0.0,1.0,0.0,1.0,0.0
2023-04-23,1.0,0.0,1.0,1.0,0.0,0.0
2022-09-16,0.0,1.0,1.0,0.0,1.0,0.0
2021-10-15,0.0,0.0,0.0,0.0,1.0,0.0
2021-07-10,0.0,0.0,1.0,0.0,1.0,0.0
2024-04-23,1.0,1.0,1.0,1.0,1.0,0.0
2024-04-03,1.0,1.0,1.0,1.0,1.0,0.0
2022-01-24,1.0,1.0,0.0,1.0,1.0,0.0
2019-06-07,0.0,0.0,1.0,0.0,1.0,0.0
2021-02-03,0.0,0.0,0.0,1.0,1.0,1.0
2021-03-26,1.0,1.0,1.0,1.0,1.0,0.0
2020-03-29,1.0,1.0,1.0,1.0,1.0,0.0
2019-07-29,0.0,0.0,1.0,0.0,1.0,0.0
2020-09-08,0.0,0.0,1.0,0.0,1.0,0.0
2023-10-18,0.0,1.0,1.0,0.0,1.0,0.0
2021-01-22,0.0,1.0,7.5451424e-16,1.0,1.0,1.0
2019-11-16,1.0,0.2471971,1.0,0.0,1.0,0.0
2022-08-12,0.0,0.0,1.0,0.0,1.0,0.0
2022-08-26,0.0,0.0,1.0,0.0,1.0,0.0
2022-05-29,0.0,0.0,1.0,0.0,1.0,0.0
2021-10-11,0.0,0.0,0.0,0.0,1.0,0.0
2022-12-18,1.0,0.0,0.0,1.0,1.0,0.0
2021-07-12,0.0,0.0,1.0,0.0,1.0,0.0
2021-04-13,1.0,1.0,1.0,1.0,1.0,0.0
2020-07-11,0.0,0.0,1.0,0.0,1.0,0.0
2024-05-04,0.0,0.0,1.0,1.0,0.0,0.0
2022-04-07,1.0,1.0,1.0,1.0,1.0,0.0
2024-09-14,0.0,0.0,1.0,0.0,1.0,0.0
2021-02-07,0.0,0.0,0.0,1.0,1.0,1.0
2020-02-15,0.0,1.0,1.0,1.0,1.0,1.0
2022-12-04,1.0,0.0,0.0,1.0,1.0,0.0
2020-09-29,0.0,1.0,1.0,0.0,1.0,0.0
2024-05-10,0.0,0.0,1.0,0.0,0.0,0.0
2024-03-29,1.0,1.0,1.0,1.0,1.0,0.0
2024-03-04,0.0,0.0,0.0,1.0,1.0,0.0
2021-03-03,1.0,1.0,1.0,1.0,1.0,0.0
2020-02-23,0.0,0.0,0.0,1.0,1.0,1.0
2022-01-01,1.0,1.0,8.330811e-15,1.0,1.0,0.0
2021-01-04,0.0,9.312452e-14,5.274693e-33,1.0,1.0,1.0
2022-08-21,0.0,0.0,1.0,0.0,1.0,0.0
2019-05-18,2.1136506e-08,1.0,1.0,1.0,1.0,0.0
2022-02-19,0.0,0.0,0.0,1.0,1.0,1.0
2020-02-08,0.0,1.0,1.0,1.0,1.0,7.619232e-12
2022-09-19,0.0,1.0,1.0,0.0,1.0,0.0
2021-08-12,0.0,1.0,1.0,0.0,1.0,0.0
2023-12-01,1.0,0.0,0.0,1.0,1.0,0.0
2021-02-27,0.0,0.0,0.0,1.0,1.0,0.0
2023-03-22,1.0,1.0,1.0,1.0,1.0,0.0
2019-11-10,1.0,1.5771887e-35,1.0,0.0,1.0,0.0
2020-08-06,0.0,0.0014300185,1.0,0.0,1.0,0.0
2020-04-05,1.0,1.0,1.0,1.0,1.0,0.0
2024-12-28,0.0,1.0,0.0,0.0,1.0,0.0
2024-12-23,0.0,1.0,0.0,0.0,1.0,0.0
2020-09-01,0.0,0.0,1.0,0.0,1.0,0.0
2022-04-03,1.0,1.0,1.0,1.0,1.0,0.0
2022-01-15,1.0,1.0,0.0012087247,1.0,1.0,0.0
2019-11-14,1.3028929e-05,0.9999509,1.0,0.0,1.0,0.0
2024-02-23,0.0,1.0,1.0,1.0,1.0,0.0
2024-11-17,0.0,1.0,0.0,0.0,1.0,0.0
2021-05-25,0.0,0.0,0.0,0.0,1.0,0.0
2023-01-15,1.0,0.0,0.0,1.0,1.0,0.0
2020-04-01,1.0,1.0,1.0,1.0,1.0,0.0
2022-09-08,0.0,1.0,1.0,0.0,1.0,0.0
2019-04-16,1.0,1.0,1.0,1.0,1.0,0.0
2021-10-21,0.0,0.0,0.0,0.0,1.0,0.0
2023-12-22,1.0,3.5397873e-19,0.0,1.0,1.0,0.0
2019-04-15,1.0,1.0,1.0,1.0,1.0,0.0
2024-12-05,0.0,1.0,0.0,0.0,1.0,0.0
2021-11-01,0.0,0.0,0.0,0.0,1.0,0.0
2024-06-13,1.0,0.0,0.0,1.0,1.0,0.0
2023-03-23,1.0,1.0,1.0,1.0,1.0,0.0
2021-10-13,0.0,0.0,0.0,0.0,1.0,0.0
2020-11-15,0.0,0.0,1.0314275e-32,0.0,1.0,0.0
2024-01-25,0.0,0.0,0.0,1.0,1.0,0.9999933
2023-10-11,0.0,1.0,1.0,0.0,1.0,0.0
2023-07-03,0.0,0.0,1.0,0.0,1.0,0.0
2021-04-04,1.0,1.0,1.0,1.0,1.0,0.0
2022-06-01,0.0,0.0,1.0,0.0,1.0,0.0
2020-08-24,0.0,0.0,1.0,0.0,1.0,0.0
2024-01-22,0.0,0.0,0.0,1.0,1.0,0.0
2023-03-06,1.0,0.0,0.0,1.0,1.0,0.0
2021-09-08,0.0,0.0,1.0,0.0,1.0,0.0
2020-06-24,0.0,0.0,0.0,0.0,1.0,0.0
2023-07-27,0.0,1.0,1.0,0.0,1.0,0.0
2023-05-18,1.0,0.0,1.0,0.0,1.0,0.0
2021-07-16,0.0,0.0,0.0,0.0,1.0,0.0
2023-04-21,1.0,0.0,1.0,1.0,0.0,0.0
2021-01-16,0.0,7.043528e-32,0.0,1.0,1.0,1.0
2020-12-25,0.0,1.8528068e-14,1.0615703e-31,1.0,1.0,0.0
2023-01-13,1.0,0.0,0.0,1.0,1.0,0.0
2024-12-29,0.0,1.0,0.0,0.0,1.0,0.0
2024-03-25,0.0,1.0,1.0,1.0,1.0,0.0
2021-03-20,1.0,1.0,1.0,1.0,1.0,0.0
2020-08-30,0.0,0.0,1.0,0.0,1.0,0.0
2022-08-19,0.0,0.0,1.0,0.0,1.0,0.0
2020-03-04,0.0,0.0,0.0,1.0,1.0,1.0
2020-05-29,0.0,0.0,1.0,0.0,1.0,0.0
2020-03-25,1.0,1.0,1.0,1.0,1.0,0.0
2020-06-02,0.0,0.0,1.0,0.0,1.0,0.0
2024-11-03,0.0,1.0,0.0,0.0,1.0,0.0
2020-08-20,0.0,0.0,1.0,0.0,1.0,0.0
2023-10-26,0.0,1.0,1.0,0.0,1.0,0.0
2024-06-25,0.0,0.0,1.0,0.0,1.0,0.0
2021-09-25,0.0,0.0,1.0,0.0,1.0,0.0
2020-11-23,0.0,0.0,1.5400269e-13,0.0,1.0,0.0
2019-08-21,0.0,0.0,1.0,0.0,1.0,0.0
2021-02-22,1.0,0.0,0.0,1.0,1.0,0.0
2021-01-28,0.0,0.0,0.0,1.0,1.0,1.0
2024-11-02,0.0,1.0,0.0,0.0,1.0,0.0
2021-12-12,1.0,0.0,0.0,1.0,1.0,0.0
2020-01-30,1.0,1.0,1.0,1.0,1.0,0.0
2024-11-16,0.0,1.0,0.0,0.0,1.0,0.0
2023-08-02,0.0,1.0,1.0,0.0,1.0,0.0
2019-10-13,0.0,0.0,1.0,0.0,1.0,0.0
2023-11-21,1.0,0.0,0.0,1.0,1.0,0.0
2023-03-20,1.0,1.0,1.0,1.0,1.0,0.0
2022-07-15,0.0,1.0,1.0,0.0,1.0,0.0
2024-05-28,0.0,0.0,1.0,0.0,1.0,0.0
2022-03-20,0.0,1.0,0.0,1.0,1.0,0.0
2021-11-17,1.0,0.0,0.0,1.0,1.0,0.0
2023-12-15,1.0,0.0,0.0,1.0,1.0,0.0
2022-06-02,1.0,0.0,1.0,0.0,1.0,0.0
2023-11-15,1.0,0.0,0.0,0.0,1.0,0.0
2021-12-09,1.0,0.0,0.0,1.0,1.0,0.0
2019-05-12,6.640863e-30,1.0,1.0,0.0,1.0,0.0
2020-02-06,0.0,1.0,1.0,1.0,1.0,0.0
2019-12-05,1.0,1.0,1.0,1.0,1.0,0.0
2023-04-05,1.0,1.0,1.0,1.0,1.0,0.0
2024-10-24,0.0,1.0,0.0,0.0,1.0,0.0
2023-06-04,0.0,0.0,1.0,0.0,1.0,0.0
2021-04-25,1.0,1.0,1.0,0.98327625,1.0,0.0
2019-12-31,1.0,0.9999995,1.0,1.0,1.0,0.0
2024-01-09,0.0,5.5366146e-31,0.0,1.0,1.0,0.0
2024-05-17,0.0,0.0,1.0,0.0,1.0,0.0
2021-07-21,0.0,0.0,0.0,0.0,1.0,0.0
2024-05-24,0.0,0.0,1.0,0.0,1.0,0.0
2021-12-10,1.0,0.0,0.0,1.0,1.0,0.0
2019-04-19,1.0,1.0,1.0,1.0,1.0,0.0
2024-06-03,0.0,0.0,1.0,0.0,1.0,0.0
2024-11-29,0.0,1.0,0.0,0.0,1.0,0.0
2023-01-11,1.0,0.0,0.0,1.0,1.0,0.0
2020-11-21,0.0,0.0,0.9940229,0.0,1.0,0.0
2024-03-23,0.0,1.0,1.0,1.0,1.0,0.0
2024-10-08,0.0,1.0,1.0,0.0,1.0,0.0
2023-02-26,1.0,0.0,0.0,1.0,1.0,0.0
2024-01-01,6.1344317e-06,1.5794015e-16,0.0,1.0,1.0,0.0
2020-11-09,0.0,0.0,1.0,0.0,1.0,0.0
2021-04-05,1.0,1.0,1.0,1.0,1.0,0.0
2019-06-12,0.0,0.0,1.0,0.0,1.0,0.0
2020-06-20,0.0,0.0,0.0,0.0,1.0,0.0
2022-12-16,1.0,0.0,0.0,1.0,1.0,0.0
2024-06-27,0.0,0.0,1.0,0.0,1.0,0.0
2021-05-08,1.0,1.0,1.0,1.0,0.0,0.0
2019-04-18,1.0,1.0,1.0,1.0,1.0,0.0
2024-06-24,0.0,0.0,1.0,0.0,1.0,0.0
2021-03-05,1.0,1.0,1.0,1.0,1.0,0.0
2022-07-10,0.0,1.0,1.0,0.0,1.0,0.0
2023-09-21,0.0,1.0,1.0,0.0,1.0,0.0
2024-04-26,1.0,1.0,1.0,1.0,1.0,0.0
2022-07-05,0.0,1.0,1.0,0.0,1.0,0.0
2024-01-12,0.0,2.1568056e-28,0.0,1.0,1.0,0.0
2021-11-08,1.0,0.0,0.0,1.0,1.0,0.0
2019-09-11,0.0,0.0,1.0,0.0,1.0,0.0
2023-09-15,0.0,1.0,1.0,0.0,1.0,0.0
2020-07-31,0.0,1.0,1.0,0.0,1.0,0.0
2022-08-03,0.0,1.0,1.0,0.0,1.0,0.0
2023-11-20,1.0,0.0,0.0,1.0,1.0,0.0
2021-01-31,0.0,0.0,0.0,1.0,1.0,1.0
2021-04-27,1.0,1.0,1.0,1.0,6.4143306e-32,0.0
2022-12-22,1.0,0.0,0.0,1.0,1.0,0.0
2020-09-25,0.0,1.0,1.0,0.0,1.0,0.0
2021-05-23,0.0,0.0,0.0,1.0,1.0,0.0
2024-07-14,0.0,0.0,1.0,0.0,1.0,0.0
2020-11-30,0.0,0.0,3.5190657e-27,0.0,1.0,0.0
2019-10-30,0.0,0.0,1.0,0.0,1.0,0.0
2023-07-14,0.0,1.0,1.0,0.0,1.0,0.0
2022-07-04,0.0,1.0,1.0,0.0,1.0,0.0
2024-07-08,0.0,0.0,1.0,0.0,1.0,0.0
2020-04-02,1.0,1.0,1.0,1.0,1.0,0.0
2020-05-17,1.0,0.0,1.0,8.079379e-27,1.0,0.0
2019-08-14,0.0,0.0,1.0,0.0,1.0,0.0
2024-01-17,0.0,1.114706e-27,0.0,1.0,1.0,0.0
2024-12-22,0.0,1.0,0.0,0.0,1.0,0.0
2019-05-19,0.0,1.0,1.0,0.0,1.0,0.0
2021-05-31,0.0,0.0,0.0,0.0,1.0,0.0
2020-11-07,0.0,0.0,1.0,0.0,1.0,0.0
2019-10-24,0.0,0.0,1.0,0.0,1.0,0.0
2021-07-13,0.0,0.0,1.0,0.0,1.0,0.0
2024-02-24,0.0,0.0,1.0,1.0,1.0,0.0
2022-04-17,1.0,1.0,1.0,1.0,1.0,0.0
2023-05-28,1.0,0.0,1.0,0.0,1.0,0.0
2024-10-03,0.0,0.0,1.0,0.0,1.0,0.0
2021-01-25,0.0,0.0,0.0,1.0,1.0,1.0
2024-09-19,0.0,0.0,1.0,0.0,1.0,0.0
2024-07-13,0.0,0.0,1.0,0.0,1.0,0.0
2023-07-29,0.0,1.0,1.0,0.0,1.0,0.0
2020-08-04,0.0,0.000904867,1.0,0.0,1.0,0.0
2020-02-29,0.0,0.0,0.0,1.0,1.0,1.0
2020-03-06,0.0,0.0,0.0,1.0,1.0,1.0
2024-08-05,0.0,0.0,1.0,0.0,1.0,0.0
2024-03-12,0.0,0.0,1.0,1.0,1.0,0.0
2021-07-23,0.0,0.0,0.0,0.0,1.0,0.0
2023-06-19,0.0,0.0,1.0,0.0,1.0,0.0
2023-04-06,1.0,1.0,1.0,1.0,1.0,0.0
2022-09-17,0.0,1.0,1.0,0.0,1.0,0.0
2019-09-12,0.0,0.0,1.0,0.0,1.0,0.0
2020-04-03,1.0,1.0,1.0,1.0,1.0,0.0
2021-04-28,1.0,1.0,1.0,1.0,0.0,0.0
2020-02-01,1.0,1.0,1.0,1.0,1.0,0.0
2022-06-18,0.0,0.0,1.0,0.0,1.0,0.0
2024-03-19,0.0,0.0,1.0,1.0,1.0,0.0
2023-11-09,0.0,0.0,0.0,0.0,1.0,0.0
2021-08-17,0.0,0.0,1.0,0.0,1.0,0.0
2023-02-25,1.0,0.0,0.0,1.0,1.0,0.0
2021-02-24,1.0,0.0,0.0,1.0,1.0,0.0
2019-09-10,0.0,0.0,1.0,0.0,1.0,0.0
2021-04-06,1.0,1.0,1.0,1.0,1.0,0.0
2020-12-07,0.0,1.3613636e-30,2.8362465e-28,8.771539e-06,1.0,0.0
2019-10-22,0.0,0.0,1.0,0.0,1.0,0.0
2022-11-20,1.0,0.0,0.0,1.0,1.0,0.0
2020-12-27,0.0,8.206608e-09,9.045975e-23,1.0,1.0,0.0
2024-10-21,0.0,1.0,0.0,0.0,1.0,0.0
2024-04-28,1.0,1.0,1.0,1.0,1.0,0.0
2019-12-01,1.0,1.0,1.0,1.0,1.0,0.0
2023-09-27,0.0,1.0,1.0,0.0,1.0,0.0
2022-11-13,1.0,0.0,0.0,1.0,1.0,0.0
2024-02-10,0.0,1.0,1.0,1.0,1.0,0.0
2021-10-28,0.0,0.0,0.0,0.0,1.0,0.0
2019-11-22,1.0,1.0,1.0,0.0,1.0,0.0
2021-05-05,1.0,0.999995,1.0,1.0,0.0,0.0
2020-07-01,0.0,0.0,1.0,0.0,1.0,0.0
2021-04-20,0.0,1.0,1.0,0.0,1.0,0.0
2022-11-18,1.0,0.0,0.0,1.0,1.0,0.0
2024-08-31,0.0,1.0,1.0,0.0,1.0,0.0
2020-10-15,0.0,0.0,1.0,0.0,1.0,0.0
2020-09-04,0.0,0.0,1.0,0.0,1.0,0.0
2021-04-15,0.0,1.0,1.0,3.4350778e-37,1.0,0.0
2024-03-11,0.0,0.0,1.0,1.0,1.0,0.0
2022-08-04,0.0,1.0,1.0,0.0,1.0,0.0
2021-09-19,0.0,0.0,1.0,0.0,1.0,0.0
2021-07-17,0.0,0.0,0.0,0.0,1.0,0.0
2019-06-08,0.0,0.0,1.0,0.0,1.0,0.0
2024-06-23,0.0,0.0,1.0,0.0,1.0,0.0
2024-11-09,0.0,1.0,0.0,0.0,1.0,0.0
2020-08-22,0.0,0.0,1.0,0.0,1.0,0.0
2023-06-22,0.0,0.0,1.0,0.0,1.0,0.0
2023-05-13,1.0,0.0,1.0,0.9811839,1.0,0.0
2024-01-28,0.0,1.2251112e-07,0.0,1.0,1.0,0.0
2020-04-24,1.0,1.0,1.0,1.0,1.0,0.0
2023-01-04,1.0,0.0,0.0,1.0,1.0,0.0
2021-01-05,0.0,2.4289214e-15,2.9497962e-18,1.0,1.0,1.0
2019-04-13,1.0,1.0,1.0,1.0,1.0,0.0
2019-10-11,0.0,0.0,1.0,0.0,1.0,0.0
2021-08-23,0.0,0.0,1.0,0.0,1.0,0.0
2023-02-19,1.0,0.0,0.0,1.0,1.0,0.0
2022-08-24,0.0,0.0,1.0,0.0,1.0,0.0
2024-10-29,0.0,1.0,0.0,0.0,1.0,0.0
2023-10-28,0.0,1.0,1.0,0.0,1.0,0.0
2023-09-16,0.0,1.0,1.0,0.0,1.0,0.0
2022-03-30,1.0,1.0,1.0,1.0,1.0,0.0
2022-01-05,1.0,0.10353476,0.0,1.0,1.0,0.0
2021-06-12,0.0,0.0,1.0,0.0,1.0,0.0
2023-02-24,1.0,0.0,0.0,1.0,1.0,0.0
2024-01-02,1.6422494e-23,1.1704476e-16,0.0,1.0,1.0,0.0
2022-11-14,1.0,0.0,0.0,1.0,1.0,0.0
2019-07-24,0.0,0.0,1.0,0.0,1.0,0.0
2020-04-29,1.0,1.0,1.0,1.0,1.0,0.0
2021-09-14,0.0,0.0,1.0,0.0,1.0,0.0
2024-09-29,0.0,0.0,1.0,0.0,1.0,0.0
2021-02-16,0.0,0.0,0.0,1.0,1.0,1.0
2024-05-14,0.0,0.0,1.0,0.0,1.0,0.0
2024-11-25,0.0,1.0,0.0,0.0,1.0,0.0
2023-10-25,0.0,1.0,1.0,0.0,1.0,0.0
2023-05-12,1.0,1.0,1.0,1.0,1.0,0.0
2023-05-02,1.0,0.0,1.0,1.0,0.0,0.0
2021-07-03,0.0,0.0,1.0,0.0,1.0,0.0
2024-01-23,0.0,1.0246999e-28,0.0,1.0,1.0,0.0
2021-10-26,0.0,0.0,0.0,0.0,1.0,0.0
2023-04-04,1.0,1.0,1.0,1.0,1.0,0.0
2021-01-01,0.0,0.9982488,6.7073953e-28,1.0,1.0,1.8720789e-28
2022-04-11,1.0,1.0,1.0,1.0,1.0,0.0
2021-10-12,0.0,0.0,0.0,0.0,1.0,0.0
2024-12-03,0.0,1.0,0.0,0.0,1.0,0.0
2019-11-04,1.929579e-32,0.0,1.0,0.0,1.0,0.0
2020-06-27,0.0,0.0,1.0,0.0,1.0,0.0
2023-06-06,0.0,0.0,1.0,0.0,1.0,0.0
2023-05-29,1.0,0.0,1.0,0.0,1.0,0.0
2024-11-27,0.0,1.0,0.0,0.0,1.0,0.0
2021-05-19,1.0,1.0,1.0,1.0,1.0,0.0
2024-07-05,0.0,0.0,1.0,0.0,1.0,0.0
2022-02-07,0.0,4.221322e-05,0.0,1.0,1.0,4.9526714e-28
2019-10-25,0.0,0.0,1.0,0.0,1.0,0.0
2022-01-23,1.0,1.0,0.0,1.0,1.0,0.0
2023-09-03,0.0,1.0,1.0,0.0,1.0,0.0
2020-05-01,1.0,1.0,1.0,1.0,1.0,0.0
2020-10-29,0.0,0.0,1.0,0.0,1.0,0.0
2023-02-23,1.0,0.0,0.0,1.0,1.0,0.0
2024-07-16,0.0,0.0,1.0,0.0,1.0,0.0
2021-06-13,0.0,0.0,1.0,0.0,1.0,0.0
2023-12-24,1.0,9.700796e-25,0.0,1.0,1.0,0.0
2021-02-14,0.0,0.0,0.0,1.0,1.0,1.0
2021-07-22,0.0,0.0,0.0,0.0,1.0,0.0
2020-10-11,0.0,0.0,1.0,0.0,1.0,0.0
2024-04-12,1.0,1.0,1.0,1.0,1.0,0.0
2023-12-31,2.4794178e-07,9.343655e-11,0.0,1.0,1.0,0.0
2024-06-01,0.0,0.0,1.0,0.0,1.0,0.0
2022-05-01,1.0,1.0,1.0,1.0,1.0,0.0
2020-04-18,1.0,1.0,1.0,1.0,1.0,0.0
2024-12-09,0.0,1.0,0.0,0.0,1.0,0.0
2021-12-02,1.0,0.0,0.0,1.0,1.0,0.0
2024-10-28,0.0,1.0,0.0,0.0,1.0,0.0
2024-11-18,0.0,1.0,0.0,0.0,1.0,0.0
2023-03-01,1.0,0.0,0.0,1.0,1.0,0.0
2023-11-19,1.0,0.0,0.0,1.0,1.0,0.0
2022-01-03,1.0,1.0,3.0383848e-19,1.0,1.0,0.0
2021-08-29,0.0,0.0,1.0,0.0,1.0,0.0
2022-12-19,1.0,0.0,0.0,1.0,1.0,0.0
2020-10-02,0.0,1.0,1.0,0.0,1.0,0.0
2021-09-05,0.0,0.0,1.0,0.0,1.0,0.0
2020-01-31,1.0,1.0,1.0,1.0,1.0,0.0
2023-12-12,1.0,0.0,0.0,1.0,1.0,0.0
2019-06-01,0.0,0.0,0.0,0.0,1.0,0.0
2019-11-23,1.0,1.0,1.0,0.0,1.0,0.0
2023-04-26,1.0,0.0,1.0,1.0,0.0,0.0
2023-10-22,0.0,1.0,1.0,0.0,1.0,0.0
2021-08-26,0.0,0.0,1.0,0.0,1.0,0.0
2020-07-28,0.0,1.0,1.0,0.0,1.0,0.0
2021-09-17,0.0,0.0,1.0,0.0,1.0,0.0
2023-08-31,0.0,1.0,1.0,0.0,1.0,0.0
2021-09-29,0.0,0.0,1.0,0.0,1.0,0.0
2021-11-06,0.0,0.0,0.0,1.0,1.0,0.0
2023-06-23,0.0,0.0,1.0,0.0,1.0,0.0
2019-04-26,1.0,1.0,1.0,1.0,1.0,0.0
2021-04-03,1.0,1.0,1.0,1.0,1.0,0.0
2021-07-30,0.0,0.0,1.0,0.0,1.0,0.0
2022-02-04,1.0,1.0,0.99918526,1.0,1.0,0.0
2021-02-05,0.0,0.0,0.0,1.0,1.0,1.0
2021-11-11,1.0,0.0,0.0,1.0,1.0,0.0
2019-05-07,1.0,1.0,1.0,7.664197e-23,1.0,0.0
2022-09-23,0.0,1.0,1.0,0.0,1.0,0.0
2020-09-23,0.0,1.0,1.0,0.0,1.0,0.0
2021-11-02,0.0,0.0,0.0,1.0,1.0,0.0
2024-08-26,0.0,1.0,1.0,0.0,1.0,0.0
2019-09-09,0.0,0.0,1.0,0.0,1.0,0.0
2023-04-19,1.0,0.0,1.0,1.0,0.0,0.0
2020-05-25,1.0,0.0,1.0,0.0,1.0,0.0
2024-11-22,0.0,1.0,0.0,0.0,1.0,0.0
2023-12-17,1.0,0.0,0.0,1.0,1.0,0.0
2021-06-10,0.0,0.0,1.0,0.0,1.0,0.0
2023-10-01,0.0,1.0,1.0,0.0,1.0,0.0
2019-08-30,0.0,0.0,1.0,0.0,1.0,0.0
2019-08-16,0.0,0.0,1.0,0.0,1.0,0.0
2024-10-05,0.0,1.0,1.0,0.0,1.0,0.0
2020-07-03,0.0,0.0,1.0,0.0,1.0,0.0
2020-12-18,0.0,7.581687e-19,3.1475768e-08,1.0,1.0,0.0
2021-07-15,0.0,0.0,1.0,0.0,1.0,0.0
2021-01-02,0.0,1.2816613e-12,7.258227e-38,1.0,1.0,1.0
2024-03-30,1.0,0.0006027334,1.0,1.0,1.0,0.0
2020-05-31,0.0,0.0,1.0,0.0,1.0,0.0
2020-03-14,0.0,0.0,1.0,1.0,1.0,0.0
2023-03-15,1.0,0.0,0.0,1.0,1.0,0.0
2022-12-20,1.0,0.0,0.0,1.0,1.0,0.0
2022-08-31,0.0,0.0,1.0,0.0,1.0,0.0
2023-03-13,1.0,0.0,0.0,1.0,1.0,0.0
2019-07-08,0.0,1.0,1.0,0.0,1.0,0.0
2021-11-03,0.0,0.0,0.0,1.0,1.0,0.0
2019-04-21,1.0,1.0,1.0,1.0,1.0,0.0
2021-02-11,0.0,0.0,0.0,1.0,1.0,1.0
2020-03-31,1.0,1.0,1.0,1.0,1.0,0.0
2019-11-25,1.0,1.0,1.0,1.0,1.0,0.0
2023-04-25,1.0,0.0,1.0,1.0,0.0,0.0
2019-07-07,0.0,1.0,1.0,0.0,1.0,0.0
2023-04-29,1.0,6.411343e-18,1.0,1.0,0.0,0.0
2020-12-05,0.0,0.0,5.301318e-26,2.3962904e-27,1.0,0.0
2023-04-12,1.0,1.0,1.0,1.0,1.0,0.0
2021-09-12,0.0,0.0,1.0,0.0,1.0,0.0
2024-05-08,0.0,0.0,1.0,1.3540393e-09,0.0,0.0
2024-07-04,0.0,0.0,1.0,0.0,1.0,0.0
2021-05-17,1.0,1.0,1.0,1.0,1.0,0.0
2024-12-31,0.0,0.9152587,0.0,0.0,1.0,0.0
2023-07-24,0.0,1.0,1.0,0.0,1.0,0.0
2023-01-31,1.0,0.0,0.0,1.0,1.0,0.0
2023-09-09,0.0,1.0,1.0,0.0,1.0,0.0
2022-06-09,0.0,0.0,1.0,0.0,1.0,0.0
2023-07-02,0.0,0.0,1.0,0.0,1.0,0.0
2024-05-20,0.0,0.0,1.0,0.0,1.0,0.0
2023-08-15,0.0,0.0,1.0,0.0,1.0,0.0
2022-09-04,0.0,1.0,1.0,0.0,1.0,0.0
2023-02-02,1.0,0.0,0.0,1.0,1.0,0.0
2022-05-18,1.0,0.0,1.0,0.0,1.0,0.0
2022-12-29,1.0,0.0,0.0,1.0,1.0,0.0
2021-02-18,0.0,0.0,0.0,1.0,1.0,0.0
2024-09-15,0.0,0.0,1.0,0.0,1.0,0.0
2023-06-20,0.0,0.0,1.0,0.0,1.0,0.0
2022-07-30,0.0,1.0,1.0,0.0,1.0,0.0
2019-12-17,1.0,0.99998534,1.0,1.0,1.0,0.0
2023-06-30,0.0,0.0,1.0,0.0,1.0,0.0
2019-12-06,1.0,1.0,1.0,1.0,1.0,0.0
2022-09-27,0.0,1.0,1.0,0.0,1.0,0.0
2021-01-24,0.0,0.0,0.0,1.0,1.0,1.0
2022-03-27,1.0,1.0,1.0,1.0,1.0,0.0
2024-03-27,2.2604709e-06,1.0,1.0,1.0,1.0,0.0
2019-11-24,1.0,1.0,1.0,3.3855886e-16,1.0,0.0
2019-06-21,0.0,0.0,1.0,0.0,1.0,0.0
2023-07-25,0.0,1.0,1.0,0.0,1.0,0.0
2019-03-26,0.0,1.0,1.0,1.0,1.0,0.0
2020-07-12,0.0,0.0,1.0,0.0,1.0,0.0
2022-02-23,0.0,0.0,0.0,1.0,1.0,1.0
2020-09-11,0.0,0.0,1.0,0.0,1.0,0.0
2019-06-03,0.0,0.0,0.0,0.0,1.0,0.0
2019-10-27,0.0,0.0,1.0,0.0,1.0,0.0
2023-09-28,0.0,1.0,1.0,0.0,1.0,0.0
2022-02-03,1.0,1.0,0.0,1.0,1.0,0.0
2020-05-18,1.0,0.0,1.0,0.0,2.3768119e-09,0.0
2024-01-10,0.0,3.9805344e-23,0.0,1.0,1.0,0.0
2024-10-16,0.0,1.0,0.0,0.0,1.0,0.0
2021-01-03,0.0,1.0897088e-06,1.13598305e-23,1.0,1.0,0.99924904
2020-02-02,0.982665,1.0,1.0,1.0,1.0,0.0
2020-03-18,1.0,1.0,1.0,1.0,1.0,0.0
2020-12-28,0.0,3.9392187e-09,0.0,1.0,1.0,1.6469168e-38
2020-12-26,0.0,9.99956e-20,7.8323004e-26,1.0,1.0,0.0
2020-02-27,0.0,0.0,0.0,1.0,1.0,1.0
2022-03-02,0.0,0.0,0.0,1.0,1.0,1.0
2023-07-04,0.0,0.0,1.0,0.0,1.0,0.0
2020-04-20,1.0,1.0,1.0,1.0,1.0,0.0
2024-02-03,0.0,1.0,1.0,1.0,1.0,0.0
2021-10-20,0.0,0.0,0.0,0.0,1.0,0.0
2023-12-18,1.0,0.0,0.0,1.0,1.0,0.0
2022-09-06,0.0,1.0,1.0,0.0,1.0,0.0
2020-11-01,0.0,0.0,1.0,0.0,1.0,0.0
2023-03-16,1.0,0.0,0.0,1.0,1.0,0.0
2021-09-26,0.0,0.0,1.0,0.0,1.0,0.0
2021-03-01,1.0,1.0,0.0,1.0,1.0,0.0
2022-09-20,0.0,1.0,1.0,0.0,1.0,0.0
2023-09-26,0.0,1.0,1.0,0.0,1.0,0.0
2023-06-08,0.0,0.0,1.0,0.0,1.0,0.0
2020-07-19,0.0,0.99972147,1.0,0.0,1.0,0.0
2024-09-18,0.0,0.0,1.0,0.0,1.0,0.0
2024-01-27,0.0,1.1484929e-15,2.005276e-15,1.0,1.0,0.0
2024-07-18,0.0,0.0,1.0,0.0,1.0,0.0
2021-09-04,0.0,0.0,1.0,0.0,1.0,0.0
2023-12-30,0.9997557,7.9273916e-05,0.0,1.0,1.0,0.0
2024-03-22,1.0,1.0,1.0,1.0,1.0,0.0
2022-05-24,0.0,0.0,1.0,0.0,1.0,0.0
2023-02-01,1.0,0.0,0.0,1.0,1.0,0.0
2024-07-24,0.0,0.0,1.0,0.0,1.0,0.0
2023-11-05,0.0,2.6465932e-32,0.0,0.0,1.0,0.0
2019-12-15,1.0,0.91894555,1.0,1.0,1.0,0.0
2024-06-06,1.0,0.0,0.0,0.0,1.0,0.0
2023-12-03,1.0,0.0,0.0,1.0,1.0,0.0
2024-05-02,1.0,1.3246926e-13,1.0,1.0,5.211609e-26,0.0
2022-11-12,1.0,0.0,0.0,1.0,1.0,0.0
2023-04-28,1.0,0.0,1.0,1.0,0.0,0.0
2021-06-05,0.0,0.0,1.0,0.0,1.0,0.0
2021-04-21,1.1853851e-05,1.0,1.0,0.0,1.0,0.0
2020-03-16,1.0,0.0,1.0,1.0,3.6890166e-09,0.0
2024-06-18,1.0,0.0,0.0,1.0,1.0,0.0
2023-11-25,1.0,0.0,0.0,1.0,1.0,0.0
2019-04-07,1.0,1.0,1.0,1.0,1.0,0.0
2021-04-02,1.0,1.0,1.0,1.0,1.0,0.0
2019-04-01,1.23060735e-08,1.0,1.0,1.0,1.0,0.0
2024-09-25,0.0,0.0,1.0,0.0,1.0,0.0
2020-03-30,1.0,1.0,1.0,1.0,1.0,0.0
2022-08-06,0.0,1.0,1.0,0.0,1.0,0.0
2023-07-16,0.0,1.0,1.0,0.0,1.0,0.0
2024-12-07,0.0,1.0,0.0,0.0,1.0,0.0
2020-03-02,0.0,0.0,0.0,1.0,1.0,1.0
2023-07-31,0.0,1.0,1.0,0.0,1.0,0.0
2022-12-24,1.0,0.0,0.0,1.0,1.0,0.0
2022-02-09,0.9999975,1.0,1.0,1.0,1.0,0.0
2023-09-07,0.0,1.0,1.0,0.0,1.0,0.0
2024-07-15,0.0,0.0,1.0,0.0,1.0,0.0
2021-09-30,0.0,0.0,1.0,0.0,1.0,0.0
2022-01-16,1.0,1.0,0.9999999,1.0,1.0,0.0
2021-03-11,1.0,1.0,1.0,1.0,1.0,0.0
2019-10-01,0.0,0.0,1.0,0.0,1.0,0.0
2020-07-26,0.0,1.0,1.0,0.0,1.0,0.0
2022-05-15,1.0,0.0,1.0,1.0,2.8127231e-11,0.0
2024-08-07,0.0,0.0,1.0,0.0,1.0,0.0
2024-09-11,0.0,1.0,1.0,0.0,1.0,0.0
2020-04-28,1.0,1.0,1.0,1.0,1.0,0.0
2021-06-25,0.0,0.0,1.0,0.0,1.0,0.0
2020-10-28,0.0,0.0,1.0,0.0,1.0,0.0
2021-01-29,0.0,0.0,0.0,1.0,1.0,1.0
2022-06-25,0.0,0.0,1.0,0.0,1.0,0.0
2022-08-13,0.0,0.0,1.0,0.0,1.0,0.0
2020-12-04,0.0,0.0,1.3334435e-24,4.2635244e-30,1.0,0.0
2023-05-03,1.0,5.0012886e-11,1.0,1.0,1.0,0.0
2024-11-30,0.0,1.0,0.0,0.0,1.0,0.0
2020-02-21,0.0,0.0,0.0,1.0,1.0,1.0
2023-09-11,0.0,1.0,1.0,0.0,1.0,0.0
2024-08-23,0.0,1.0,1.0,0.0,1.0,0.0
2023-10-05,0.0,1.0,1.0,0.0,1.0,0.0
2022-04-04,1.0,1.0,1.0,1.0,1.0,0.0
2023-03-09,1.0,0.0,0.0,1.0,1.0,0.0
2021-10-02,0.0,0.0,1.0,0.0,1.0,0.0
2023-09-20,0.0,1.0,1.0,0.0,1.0,0.0
2019-07-03,0.0,1.0,1.0,0.0,1.0,0.0
2019-10-17,0.0,0.0,1.0,0.0,1.0,0.0
2023-12-20,1.0,0.0,0.0,1.0,1.0,0.0
2022-06-16,0.0,0.0,1.0,0.0,1.0,0.0
2024-04-02,1.0,1.0,1.0,1.0,1.0,0.0
2022-11-10,1.0,0.0,0.0,1.0,1.0,0.0
2023-08-10,0.0,0.0,1.0,0.0,1.0,0.0
2021-01-07,0.0,8.632153e-09,0.0,1.0,1.0,1.0
2024-08-25,0.0,1.0,1.0,0.0,1.0,0.0
2019-11-15,1.0,0.991747,1.0,0.0,1.0,0.0
2021-11-16,1.0,0.0,0.0,1.0,1.0,0.0
2021-08-02,0.0,1.0,1.0,0.0,1.0,0.0
2023-03-25,1.0,0.0,0.0,1.0,1.0,0.0
2020-04-26,1.0,1.0,1.0,1.0,1.0,0.0
2020-05-20,1.0,0.0,1.0,4.786226e-23,1.0,0.0
2019-08-20,0.0,0.0,1.0,0.0,1.0,0.0
2019-10-08,0.0,0.0,1.0,0.0,1.0,0.0
2023-10-17,0.0,1.0,1.0,0.0,1.0,0.0
2020-12-13,0.0,7.396545e-26,3.7827016e-19,1.0,1.0,0.0
2023-11-27,1.0,0.0,0.0,1.0,1.0,0.0
2021-04-29,1.0,2.487867e-13,1.0,1.0,0.0,0.0
2021-06-09,0.0,0.0,1.0,0.0,1.0,0.0
2021-11-28,1.0,0.0,0.0,1.0,1.0,0.0
2020-06-29,0.0,0.0,1.0,0.0,1.0,0.0
2022-08-16,0.0,0.0,1.0,0.0,1.0,0.0
2024-07-11,0.0,0.0,1.0,0.0,1.0,0.0
2022-08-29,0.0,0.0,1.0,0.0,1.0,0.0
2020-10-22,0.0,0.0,1.0,0.0,1.0,0.0
2022-03-22,0.0,1.0,1.0,1.0,1.0,0.0
2021-02-17,0.0,0.0,0.0,1.0,1.0,0.0
2022-07-23,0.0,1.0,1.0,0.0,1.0,0.0
2024-03-13,0.0,4.6215406e-36,1.0,1.0,1.0,0.0
2023-03-30,1.0,1.0,1.0,1.0,1.0,0.0
2024-07-02,0.0,0.0,1.0,0.0,1.0,0.0
2021-06-26,0.0,0.0,1.0,0.0,1.0,0.0
2020-10-13,0.0,0.0,1.0,0.0,1.0,0.0
2019-04-14,1.0,1.0,1.0,1.0,1.0,0.0
2024-10-01,0.0,0.0,1.0,0.0,1.0,0.0
2019-06-17,0.0,0.0,1.0,0.0,1.0,0.0
2019-09-17,0.0,0.0,1.0,0.0,1.0,0.0
2019-03-27,0.0,1.0,1.0,1.0,1.0,0.0
2024-08-10,0.0,0.0,1.0,0.0,1.0,0.0
2020-09-09,0.0,0.0,1.0,0.0,1.0,0.0
2024-06-21,0.0,0.0,1.0,0.0,1.0,0.0
2020-04-16,1.0,1.0,1.0,1.0,1.0,0.0
2023-03-04,1.0,0.0,0.0,1.0,1.0,0.0
2022-01-25,1.0,1.0,7.19691e-15,1.0,1.0,0.0
2023-01-07,1.0,0.0,0.0,1.0,1.0,0.0
2020-11-29,0.0,0.0,2.0801177e-25,0.0,1.0,0.0
2024-08-13,0.0,1.0,1.0,0.0,1.0,0.0
2021-06-03,0.0,0.0,1.0,0.0,1.0,0.0
2021-01-19,0.0,1.3672792e-33,0.0,1.0,1.0,1.0
2022-12-27,1.0,0.0,0.0,1.0,1.0,0.0
2020-07-02,0.0,0.0,1.0,0.0,1.0,0.0
2024-11-23,0.0,1.0,0.0,0.0,1.0,0.0
2022-03-18,0.0,1.0,0.0,1.0,1.0,0.0
2022-09-10,0.0,1.0,1.0,0.0,1.0,0.0
2024-06-07,1.0,0.0,0.0,0.0,1.0,0.0
2020-08-17,0.0,1.0,1.0,0.0,1.0,0.0
2022-12-01,1.0,0.0,0.0,1.0,1.0,0.0
2023-10-19,0.0,1.0,1.0,0.0,1.0,0.0
2022-04-19,1.0,1.0,1.0,1.0,1.0,0.0
2024-07-26,0.0,0.0,1.0,0.0,1.0,0.0
2024-06-08,1.0,0.0,0.0,1.0,1.0,0.0
2020-12-02,0.0,6.480139e-26,7.274642e-29,0.0,1.0,0.0
2021-06-23,0.0,0.0,1.0,0.0,1.0,0.0
2024-12-04,0.0,1.0,0.0,0.0,1.0,0.0
2022-07-25,0.0,1.0,1.0,0.0,1.0,0.0
2021-11-25,1.0,0.0,0.0,1.0,1.0,0.0
2022-12-30,1.0,0.0,0.0,1.0,1.0,0.0
2024-08-09,0.0,0.0,1.0,0.0,1.0,0.0
2024-01-20,0.0,4.0923794e-37,0.0,1.0,1.0,1.2825707e-31
2024-11-14,0.0,1.0,0.0,0.0,1.0,0.0
2019-11-01,0.0,0.0,1.0,0.0,1.0,0.0
2024-05-27,0.0,0.0,1.0,0.0,1.0,0.0
2023-10-16,0.0,1.0,1.0,0.0,1.0,0.0
2021-11-18,1.0,0.0,0.0,1.0,1.0,0.0
2024-10-20,0.0,1.0,0.0,0.0,1.0,0.0
2024-12-21,0.0,1.0,0.0,0.0,1.0,0.0
2020-05-23,1.0,0.0,1.0,0.0,1.0,0.0
2019-05-22,0.0,1.0,1.0,0.0,1.0,0.0
2022-07-21,0.0,1.0,1.0,0.0,1.0,0.0
2022-03-04,0.0,0.0,0.0,1.0,1.0,1.0
2020-02-12,0.0,1.0,1.0,1.0,1.0,1.0
2019-09-03,0.0,0.0,1.0,0.0,1.0,0.0
2023-07-28,0.0,1.0,1.0,0.0,1.0,0.0
2024-06-17,1.0,0.0,0.0,1.0,1.0,0.0
2019-12-13,1.0,0.99665534,1.0,1.0,1.0,0.0
2020-02-17,0.0,0.99999964,1.0,1.0,1.0,1.0
2021-10-29,0.0,0.0,0.0,0.0,1.0,0.0
2020-03-11,0.0,0.0,0.0,1.0,1.0,1.0
2021-05-27,0.0,0.0,0.0,0.0,1.0,0.0
2021-06-01,0.0,0.0,0.0,0.0,1.0,0.0
2024-07-12,0.0,0.0,1.0,0.0,1.0,0.0
2021-06-22,0.0,0.0,1.0,0.0,1.0,0.0
2023-10-23,0.0,1.0,1.0,0.0,1.0,0.0
2019-06-16,0.0,0.0,1.0,0.0,1.0,0.0
2021-01-26,0.0,0.0,0.0,1.0,1.0,1.0
2021-08-20,5.730127e-25,0.0,1.0,0.0,1.0,0.0
2024-08-21,0.0,1.0,1.0,0.0,1.0,0.0
2024-01-31,0.0,1.0,3.2024853e-26,1.0,1.0,0.0
2020-04-07,1.0,1.0,1.0,1.0,1.0,0.0
2022-02-26,0.0,0.0,0.0,1.0,1.0,1.0
2021-04-16,0.0,1.0,1.0,0.0,1.0,0.0
2024-06-14,1.0,0.0,0.0,1.0,1.0,0.0
2022-08-22,0.0,0.0,1.0,0.0,1.0,0.0
2022-12-09,1.0,0.0,0.0,1.0,1.0,0.0
2022-02-18,0.0,0.0,0.0,1.0,1.0,1.0
2024-05-05,0.0,0.0,1.0,1.0,0.0,0.0
2021-12-26,1.0,0.0,0.0,1.0,1.0,0.0
2020-11-24,0.0,0.0,2.1897e-10,0.0,1.0,0.0
2020-09-12,0.0,0.0,1.0,0.0,1.0,0.0
2021-03-14,1.0,1.0,1.0,1.0,1.0,0.0
2022-03-19,0.0,1.0,0.0,1.0,1.0,0.0
2022-12-02,1.0,0.0,0.0,1.0,1.0,0.0
2019-11-27,1.0,1.0,1.0,1.0,1.0,0.0
2022-12-31,1.0,0.0,0.0,1.0,1.0,0.0
2019-05-28,0.0,1.0,1.0,0.0,1.0,0.0
2020-11-11,0.0,1.3717215e-38,5.0185034e-09,0.0,1.0,0.0
2023-10-12,0.0,1.0,1.0,0.0,1.0,0.0
2024-02-04,0.0,1.0,1.0,1.0,1.0,0.0
2020-08-28,0.0,0.0,1.0,0.0,1.0,0.0
2021-07-19,0.0,0.0,0.0,0.0,1.0,0.0
2023-11-10,0.0,0.0,0.0,0.0,1.0,0.0
2021-02-10,0.0,0.0,0.0,1.0,1.0,1.0
2020-01-03,1.0,1.0,1.0,1.0,1.0,0.0
2023-08-20,0.0,1.0,1.0,0.0,1.0,0.0
2019-10-28,0.0,0.0,1.0,0.0,1.0,0.0
2022-05-27,0.0,0.0,1.0,0.0,1.0,0.0
2022-11-01,1.0,0.0,0.0,0.0,1.0,0.0
2024-08-27,0.0,1.0,1.0,0.0,1.0,0.0
2019-10-05,0.0,0.0,1.0,0.0,1.0,0.0
2024-05-15,0.0,0.0,1.0,0.0,1.0,0.0
2024-07-01,0.0,0.0,1.0,0.0,1.0,0.0
2023-02-18,1.0,0.0,0.0,1.0,1.0,0.0
2021-11-14,1.0,0.0,0.0,1.0,1.0,0.0
2024-02-26,0.0,0.0,1.0,1.0,1.0,0.0
2024-06-29,0.0,0.0,1.0,0.0,1.0,0.0
2023-05-07,1.0,1.0,1.0,1.0,1.0,0.0
2022-09-11,0.0,1.0,1.0,0.0,1.0,0.0
2021-12-08,1.0,0.0,0.0,1.0,1.0,0.0
2024-06-04,0.0,0.0,1.0,0.0,1.0,0.0
2024-04-11,1.0,1.0,1.0,1.0,1.0,0.0
2020-02-14,0.0,1.0,1.0,1.0,1.0,1.0
2020-03-12,0.0,0.0,1.0,1.0,1.0,1.4812626e-07
2024-03-21,6.88813e-06,1.0298627e-17,1.0,1.0,1.0,0.0
2024-07-19,0.0,0.0,1.0,0.0,1.0,0.0
2019-04-20,1.0,1.0,1.0,1.0,1.0,0.0
2023-08-09,0.0,0.0,1.0,0.0,1.0,0.0
2021-12-06,1.0,0.0,0.0,1.0,1.0,0.0
2020-05-14,1.0,0.12562962,1.0,0.7374249,1.0,0.0
2022-09-22,0.0,1.0,1.0,0.0,1.0,0.0
2019-12-22,1.0,1.0,1.0,1.0,1.0,0.0
2019-08-19,0.0,0.0,1.0,0.0,1.0,0.0
2024-03-03,0.0,0.0,0.0,1.0,1.0,0.0
2021-11-12,1.0,0.0,0.0,1.0,1.0,0.0
2021-02-13,0.0,0.0,0.0,1.0,1.0,1.0
2024-12-11,0.0,1.0,0.0,0.0,1.0,0.0
2019-04-28,1.0,1.0,1.0,1.0,1.0,0.0
2019-04-06,1.0,1.0,1.0,1.0,1.0,0.0
2020-09-10,0.0,0.0,1.0,0.0,1.0,0.0
2022-03-07,0.0,0.0,0.0,1.0,1.0,1.0
2021-06-16,0.0,0.0,1.0,0.0,1.0,0.0
2022-11-21,1.0,0.0,0.0,1.0,1.0,0.0
2022-11-24,1.0,0.0,0.0,1.0,1.0,0.0
2021-05-01,1.0,4.3334852e-10,1.0,1.0,0.0,0.0
2021-11-21,1.0,0.0,0.0,1.0,1.0,0.0
2021-10-31,0.0,0.0,0.0,0.0,1.0,0.0
2019-09-08,0.0,0.0,1.0,0.0,1.0,0.0
2020-02-07,0.0,1.0,1.0,1.0,1.0,1.437293e-32
2023-11-06,0.0,0.0,0.0,0.0,1.0,0.0
2022-11-07,1.0,0.0,0.0,1.0,1.0,0.0
2022-05-21,0.0,0.0,1.0,0.0,1.0,0.0
2022-06-22,0.0,0.0,1.0,0.0,1.0,0.0
2019-11-20,1.0,1.0,1.0,0.0,1.0,0.0
2021-03-21,1.0,1.0,1.0,1.0,1.0,0.0
2020-08-10,0.0,5.4913868e-14,1.0,0.0,1.0,0.0
2024-01-18,0.0,0.0,0.0,1.0,1.0,0.0
2024-02-14,0.0,1.0,1.0,1.0,1.0,0.0
2024-03-18,0.0,0.0,1.0,1.0,1.0,0.0
2021-10-25,0.0,0.0,0.0,0.0,1.0,0.0
2021-04-01,1.0,1.0,1.0,1.0,1.0,0.0
2021-03-24,1.0,1.0,1.0,1.0,1.0,0.0
2020-08-14,0.0,1.0,1.0,0.0,1.0,0.0
2019-04-11,1.0,1.0,1.0,1.0,1.0,0.0
2020-10-25,0.0,0.0,1.0,0.0,1.0,0.0
2024-10-22,0.0,1.0,0.0,0.0,1.0,0.0
2022-06-21,0.0,0.0,1.0,0.0,1.0,0.0
2020-10-17,0.0,0.0,1.0,0.0,1.0,0.0
2021-04-18,0.0,1.0,1.0,0.0,1.0,0.0
2022-09-18,0.0,1.0,1.0,0.0,1.0,0.0
2020-12-19,0.0,6.3016273e-17,4.9929573e-15,1.0,1.0,0.0
2022-03-03,0.0,0.0,0.0,1.0,1.0,0.0
2023-10-31,0.0,1.0,1.0,0.0,1.0,0.0
2021-02-23,1.0,0.0,0.0,1.0,1.0,0.0
2019-10-16,0.0,0.0,1.0,0.0,1.0,0.0
2022-09-12,0.0,1.0,1.0,0.0,1.0,0.0
2020-10-24,0.0,0.0,1.0,0.0,1.0,0.0
2019-09-13,0.0,0.0,1.0,0.0,1.0,0.0
2024-06-12,1.0,0.0,0.0,1.0,1.0,0.0
2022-06-27,0.0,0.0,1.0,0.0,1.0,0.0
2024-03-15,0.0,0.0,1.0,1.0,1.0,0.0
2023-01-02,1.0,0.0,0.0,1.0,1.0,0.0
2023-08-28,0.0,1.0,1.0,0.0,1.0,0.0
2024-11-07,0.0,1.0,0.0,0.0,1.0,0.0
2019-06-14,0.0,0.0,1.0,0.0,1.0,0.0
2020-11-25,0.0,0.0,1.49446e-28,0.0,1.0,0.0
2019-04-10,1.0,1.0,1.0,1.0,1.0,0.0
2023-02-28,1.0,0.0,0.0,1.0,1.0,0.0
2023-11-08,0.0,0.0,0.0,0.0,1.0,0.0
2019-11-30,1.0,1.0,1.0,1.0,1.0,0.0
2020-03-24,0.00082002894,1.0,1.0,1.0,1.0,0.0
2021-03-13,1.0,1.0,1.0,1.0,1.0,0.0
2024-01-15,0.0,5.493277e-31,0.0,1.0,1.0,0.0
2023-05-22,1.0,0.0,1.0,0.0,1.0,0.0
2021-01-17,0.0,0.0,0.0,1.0,1.0,1.0
2021-05-28,0.0,0.0,0.0,0.0,1.0,0.0
2022-05-04,1.0,1.0,1.0,1.0,1.0,0.0
2020-05-16,1.0,0.0,1.0,1.3846804e-06,1.0,0.0
2023-10-06,0.0,1.0,1.0,0.0,1.0,0.0
2024-09-09,0.0,1.0,1.0,0.0,1.0,0.0
2024-04-16,1.0,1.0,1.0,1.0,1.0,0.0
2024-06-10,1.0,0.0,0.0,1.0,1.0,0.0
2021-09-27,0.0,0.0,1.0,0.0,1.0,0.0
2019-05-13,6.29788e-05,1.0,1.0,0.0,1.0,0.0
2021-12-03,1.0,0.0,0.0,1.0,1.0,0.0
2023-07-15,0.0,1.0,1.0,0.0,1.0,0.0
2021-07-11,0.0,0.0,1.0,0.0,1.0,0.0
2020-08-26,0.0,0.0,1.0,0.0,1.0,0.0
2024-12-01,0.0,1.0,0.0,0.0,1.0,0.0
2023-01-24,1.0,0.0,0.0,1.0,1.0,0.0
2021-12-04,1.0,0.0,0.0,1.0,1.0,0.0
2021-02-06,0.0,0.0,0.0,1.0,1.0,0.00031728606
2019-04-24,1.0,1.0,1.0,1.0,1.0,0.0
2021-05-15,1.0,0.9999999,1.0,1.0,7.2028504e-28,0.0
2019-09-18,0.0,0.0,1.0,0.0,1.0,0.0
2019-12-03,1.0,1.0,1.0,1.0,1.0,0.0
2023-07-26,0.0,1.0,1.0,0.0,1.0,0.0
2019-05-27,0.0,1.0,1.0,0.0,1.0,0.0
2020-10-05,0.0,1.0,1.0,0.0,1.0,0.0
2024-05-23,0.0,0.0,1.0,0.0,1.0,0.0
2019-12-10,1.0,1.0,1.0,1.0,1.0,0.0
2022-12-05,1.0,0.0,0.0,1.0,1.0,0.0
2022-06-28,0.0,0.0,1.0,0.0,1.0,0.0
2020-07-25,0.0,1.0,1.0,0.0,1.0,0.0
2023-05-19,1.0,0.0,1.0,0.0,1.0,0.0
2024-01-05,7.493215e-34,0.0003576831,1.0131019e-28,1.0,1.0,0.0
2023-12-25,1.0,7.138312e-24,0.0,1.0,1.0,0.0
2023-03-08,1.0,0.0,0.0,1.0,1.0,0.0
2024-08-02,0.0,7.0022064e-09,1.0,0.0,1.0,0.0
2019-10-31,0.0,0.0,1.0,0.0,1.0,0.0
2022-12-26,1.0,0.0,0.0,1.0,1.0,0.0
2021-07-18,0.0,0.0,0.0,0.0,1.0,0.0
2020-11-18,0.0,0.0,0.00656624,0.0,1.0,0.0
2022-11-11,1.0,0.0,0.0,1.0,1.0,0.0
2020-03-21,1.0,1.0,1.0,1.0,1.0,0.0
2024-11-12,0.0,1.0,0.0,0.0,1.0,0.0
2022-04-09,1.0,1.0,1.0,1.0,1.0,0.0
2023-01-08,1.0,0.0,0.0,1.0,1.0,0.0
2019-06-25,0.0,0.0,1.0,0.0,1.0,0.0
2022-04-01,1.9246887e-11,1.0,1.0,1.0,1.0,0.0
2023-06-10,0.0,0.0,1.0,0.0,1.0,0.0
2021-07-02,0.0,0.0,1.0,0.0,1.0,0.0
2019-12-23,1.0,0.99999964,1.0,1.0,1.0,0.0
2021-10-04,0.0,0.0,1.0,0.0,1.0,0.0
2022-03-24,0.0,1.0,1.0,1.0,1.0,0.0
2023-07-11,0.0,0.0,1.0,0.0,1.0,0.0
2019-04-27,1.0,1.0,1.0,1.0,1.0,0.0
2021-01-13,0.0,3.06209e-17,0.0,1.0,1.0,1.0
2019-12-20,0.9999999,1.0,1.0,1.0,1.0,0.0
2023-08-29,0.0,1.0,1.0,0.0,1.0,0.0
2023-01-22,1.0,0.0,0.0,1.0,1.0,0.0
2020-09-16,0.0,0.0,1.0,0.0,1.0,0.0
2019-04-30,1.0,1.0,1.0,1.0,1.0,0.0
2023-08-13,0.0,0.0,1.0,0.0,1.0,0.0
2022-03-01,0.0,0.0,0.0,1.0,1.0,1.0
2021-12-18,1.0,0.0,0.0,1.0,1.0,0.0
2021-04-30,1.0,0.105082795,1.0,1.0,0.0,0.0
2024-10-27,0.0,1.0,0.0,0.0,1.0,0.0
2023-12-23,1.0,6.4633246e-27,0.0,1.0,1.0,0.0
2022-02-21,0.0,0.0,0.0,1.0,1.0,1.0
2024-05-01,1.0,1.5281981e-19,1.0,1.0,0.00017139773,0.0
2019-10-04,0.0,0.0,1.0,0.0,1.0,0.0
2022-02-22,0.0,0.0,0.0,1.0,1.0,1.0
2019-12-16,1.0,0.9999907,1.0,1.0,1.0,0.0
2022-05-20,0.0,0.0,1.0,0.0,1.0,0.0
2021-06-07,0.0,0.0,1.0,0.0,1.0,0.0
2023-11-02,0.0,1.0,1.0,0.0,1.0,0.0
2024-03-20,0.0,1.0057583e-36,1.0,1.0,1.0,0.0
2021-11-09,1.0,0.0,0.0,1.0,1.0,0.0
2022-07-02,0.0,0.0,1.0,0.0,1.0,0.0
2021-10-19,0.0,0.0,0.0,0.0,1.0,0.0
2023-02-12,1.0,0.0,0.0,1.0,1.0,0.0
2023-05-31,6.5452874e-09,0.0,1.0,0.0,1.0,0.0
2019-08-27,0.0,0.0,1.0,0.0,1.0,0.0
2019-05-20,0.0,1.0,1.0,0.0,1.0,0.0
2020-03-10,0.0,0.0,0.0,1.0,1.0,1.0
2022-08-08,0.0,0.0,1.0,0.0,1.0,0.0
2022-05-12,1.0,0.0,1.0,1.0,8.246793e-09,0.0
2019-11-28,1.0,1.0,1.0,1.0,1.0,0.0
2022-09-24,0.0,1.0,1.0,0.0,1.0,0.0
2022-03-09,0.0,0.0,0.0,1.0,1.0,1.0
2022-07-27,0.0,1.0,1.0,0.0,1.0,0.0
2023-02-15,1.0,0.0,0.0,1.0,1.0,0.0
2022-12-15,1.0,0.0,0.0,1.0,1.0,0.0
2021-03-25,1.0,1.0,1.0,1.0,1.0,0.0
2021-08-22,0.0,0.0,1.0,0.0,1.0,0.0
2021-12-14,1.0,0.0,0.0,1.0,1.0,0.0
2021-12-24,1.0,0.0,0.0,1.0,1.0,0.0
2021-10-18,0.0,0.0,0.0,0.0,1.0,0.0
2023-02-11,1.0,0.0,0.0,1.0,1.0,0.0
2021-05-18,1.0,1.0,1.0,1.0,1.0,0.0
2024-10-19,0.0,1.0,0.0,0.0,1.0,0.0
2023-03-26,1.0,1.0,1.0,1.0,1.0,0.0
2021-03-10,1.0,1.0,1.0,1.0,1.0,0.0
2023-02-05,1.0,0.0,0.0,1.0,1.0,0.0
2021-05-20,1.0,0.9989286,1.0,1.0,1.0,0.0
2021-11-24,1.0,0.0,0.0,1.0,1.0,0.0
2022-12-07,1.0,0.0,0.0,1.0,1.0,0.0
2021-05-06,1.0,0.03960939,1.0,1.0,0.0,0.0
2021-07-27,0.0,0.0,1.0,0.0,1.0,0.0
2022-04-10,1.0,1.0,1.0,1.0,1.0,0.0
2023-06-11,0.0,0.0,1.0,0.0,1.0,0.0
2020-08-08,0.0,0.0,1.0,0.0,1.0,0.0
2021-03-22,1.0,1.0,1.0,1.0,1.0,0.0
2023-12-28,0.04238617,1.3379531e-16,0.0,1.0,1.0,0.0
2024-01-16,0.0,3.7238186e-32,0.0,1.0,1.0,0.0
2021-04-08,1.0,1.0,1.0,1.0,1.0,0.0
2019-09-22,0.0,0.0,1.0,0.0,1.0,0.0
2023-08-07,0.0,3.02585e-39,1.0,0.0,1.0,0.0
2022-01-07,1.0,0.99996173,5.776151e-39,1.0,1.0,0.0
2019-10-18,0.0,0.0,1.0,0.0,1.0,0.0
2024-04-04,1.0,1.0,1.0,1.0,1.0,0.0
2021-09-28,0.0,0.0,1.0,0.0,1.0,0.0
2019-12-07,1.0,1.0,1.0,1.0,1.0,0.0
2023-06-24,0.0,0.0,1.0,0.0,1.0,0.0
2023-05-04,1.0,0.716536,1.0,1.0,1.0,0.0
2019-09-14,0.0,0.0,1.0,0.0,1.0,0.0
2020-04-04,1.0,1.0,1.0,1.0,1.0,0.0
2019-09-21,0.0,0.0,1.0,0.0,1.0,0.0
2024-08-30,0.0,1.0,1.0,0.0,1.0,0.0
2020-08-19,0.0,2.438305e-13,1.0,0.0,1.0,0.0
2022-05-22,0.0,0.0,1.0,0.0,1.0,0.0
2019-05-09,0.9917229,1.0,1.0,0.0,1.0,0.0
2023-03-14,1.0,0.0,0.0,1.0,1.0,0.0
2019-05-25,0.0,1.0,1.0,0.0,1.0,0.0
2021-06-11,0.0,0.0,1.0,0.0,1.0,0.0
2019-09-19,0.0,0.0,1.0,0.0,1.0,0.0
2024-07-03,0.0,0.0,1.0,0.0,1.0,0.0
2022-08-30,0.0,0.0,1.0,0.0,1.0,0.0
2021-09-09,0.0,0.0,1.0,0.0,1.0,0.0
2019-05-06,1.0,1.0,1.0,2.0551396e-09,1.0,0.0
2019-04-23,1.0,1.0,1.0,1.0,1.0,0.0
2021-04-19,0.0,1.0,1.0,0.0,1.0,0.0
2020-09-21,0.0,0.0,1.0,0.0,1.0,0.0
2021-01-30,0.0,0.0,0.0,1.0,1.0,1.0
2023-02-14,1.0,0.0,0.0,1.0,1.0,0.0
2022-07-14,0.0,1.0,1.0,0.0,1.0,0.0
2024-02-27,0.0,0.0,6.524983e-20,1.0,1.0,0.0
2023-02-27,1.0,0.0,0.0,1.0,1.0,0.0
2020-03-23,1.0,1.0,1.0,1.0,1.0,0.0
2024-08-19,0.0,1.0,1.0,0.0,1.0,0.0
2023-03-11,1.0,0.0,0.0,1.0,1.0,0.0
2024-11-01,0.0,1.0,0.0,0.0,1.0,0.0
2023-09-23,0.0,1.0,1.0,0.0,1.0,0.0
2022-06-15,0.0,0.0,1.0,0.0,1.0,0.0
2023-10-29,0.0,1.0,1.0,0.0,1.0,0.0
2021-08-24,0.0,0.0,1.0,0.0,1.0,0.0
2024-03-06,0.0,0.0,0.0,1.0,1.0,0.0
2020-01-25,1.0,1.0,1.0,1.0,1.0,0.0
2019-08-15,0.0,0.0,1.0,0.0,1.0,0.0
2020-02-26,0.0,0.0,0.0,1.0,1.0,1.0
2020-07-18,0.0,0.0,1.0,0.0,1.0,0.0
2019-08-22,0.0,0.0,1.0,0.0,1.0,0.0
2021-02-09,0.0,0.0,0.0,1.0,1.0,1.0
2019-10-12,0.0,0.0,1.0,0.0,1.0,0.0
2022-03-06,0.0,0.0,0.0,1.0,1.0,1.0
2021-07-25,0.0,0.0,1.0,0.0,1.0,0.0
2023-12-02,1.0,0.0,0.0,1.0,1.0,0.0
2023-07-21,0.0,1.0,1.0,0.0,1.0,0.0
2022-09-13,0.0,1.0,1.0,0.0,1.0,0.0
2021-04-22,1.0,9.32788e-18,1.0,5.9823545e-38,1.0,0.0
2023-09-19,0.0,1.0,1.0,0.0,1.0,0.0
2020-05-15,1.0,4.266385e-39,1.0,1.0,1.0,0.0
2020-04-30,1.0,1.0,1.0,1.0,1.0,0.0
2023-03-27,1.0,0.0,0.0,1.0,1.0,0.0
2019-09-16,0.0,0.0,1.0,0.0,1.0,0.0
2021-03-30,1.0,1.0,1.0,1.0,1.0,0.0
2023-05-06,1.0,1.0,1.0,1.0,1.0,0.0
2019-10-20,0.0,0.0,1.0,0.0,1.0,0.0
2024-08-29,0.0,1.0,1.0,0.0,1.0,0.0
2022-01-21,1.0,1.0,2.0940812e-26,1.0,1.0,7.5633115e-35
2021-11-15,1.0,0.0,0.0,1.0,1.0,0.0
2022-11-29,1.0,0.0,0.0,1.0,1.0,0.0
2022-05-11,1.0,0.0,1.0,1.0,1.0,0.0
2024-11-10,0.0,1.0,0.0,0.0,1.0,0.0
2019-04-22,1.0,1.0,1.0,1.0,1.0,0.0
2021-09-22,0.0,0.0,1.0,0.0,1.0,0.0
2024-08-08,0.0,0.0,1.0,0.0,1.0,0.0
2020-09-15,0.0,0.0,1.0,0.0,1.0,0.0
2019-10-03,0.0,0.0,1.0,0.0,1.0,0.0
2024-03-26,9.06036e-34,1.0,1.0,1.0,1.0,0.0
2019-07-14,0.0,0.0,1.0,0.0,1.0,0.0
2024-05-25,0.0,0.0,1.0,0.0,1.0,0.0
2019-12-11,1.0,1.0,1.0,1.0,1.0,0.0
2020-07-05,0.0,0.0,1.0,0.0,1.0,0.0
2022-06-10,0.0,0.0,1.0,0.0,1.0,0.0
2021-08-27,0.0,0.0,1.0,0.0,1.0,0.0
2021-12-25,1.0,0.0,0.0,1.0,1.0,0.0
2024-10-17,0.0,1.0,0.0,0.0,1.0,0.0
2021-11-19,1.0,0.0,0.0,1.0,1.0,0.0
2020-03-13,0.0,0.0,0.0,1.0,1.0,1.0
2021-06-18,0.0,0.0,1.0,0.0,1.0,0.0
2022-12-23,1.0,0.0,0.0,1.0,1.0,0.0
2019-07-28,0.0,0.0,1.0,0.0,1.0,0.0
2022-06-12,0.0,0.0,1.0,0.0,1.0,0.0
2024-04-21,1.0,1.0,1.0,1.0,1.0,0.0
2021-08-30,0.0,0.0,1.0,0.0,1.0,0.0
2023-11-14,1.0,0.0,0.0,0.0,1.0,0.0
2020-10-31,0.0,0.0,1.0,0.0,1.0,0.0
2023-03-12,1.0,0.0,0.0,1.0,1.0,0.0
2021-06-04,0.0,0.0,1.0,0.0,1.0,0.0
2023-07-01,0.0,0.0,1.0,0.0,1.0,0.0
2024-02-09,0.0,1.0,1.0,1.0,1.0,0.0
2021-07-28,0.0,0.0,1.0,0.0,1.0,0.0
2022-02-25,0.0,0.0,0.0,1.0,1.0,1.0
2023-11-26,1.0,0.0,0.0,1.0,1.0,0.0
2022-04-25,1.0,1.0,1.0,1.0,1.0,0.0
2020-01-23,1.0,1.0,1.0,1.0,1.0,0.0
2019-10-21,0.0,0.0,1.0,0.0,1.0,0.0
2019-06-15,0.0,0.0,1.0,0.0,1.0,0.0
2021-01-11,0.0,2.5042002e-10,3.552236e-39,1.0,1.0,1.0
2024-04-10,1.0,1.0,1.0,1.0,1.0,0.0
2024-11-26,0.0,1.0,0.0,0.0,1.0,0.0
2024-11-05,0.0,1.0,0.0,0.0,1.0,0.0
2019-09-01,0.0,0.0,1.0,0.0,1.0,0.0
2022-09-15,0.0,1.0,1.0,0.0,1.0,0.0
2020-12-01,0.0,0.0,5.848922e-39,0.0,1.0,0.0
2021-06-19,0.0,0.0,1.0,0.0,1.0,0.0
2022-03-28,1.0,1.0,1.0,1.0,1.0,0.0
2019-03-31,1.0,1.0,1.0,1.0,1.0,0.0
2020-02-04,3.5585026e-24,1.0,1.0,1.0,1.0,0.0
2022-11-15,1.0,0.0,0.0,1.0,1.0,0.0
2022-08-01,0.0,1.0,1.0,0.0,1.0,0.0
2022-05-31,0.0,0.0,1.0,0.0,1.0,0.0
2023-07-08,0.0,0.0,1.0,0.0,1.0,0.0
2020-07-07,0.0,0.0,1.0,0.0,1.0,0.0
2023-07-20,0.0,1.0,1.0,0.0,1.0,0.0
2022-08-10,0.0,0.0,1.0,0.0,1.0,0.0
2020-11-27,0.0,0.0,5.840657e-22,0.0,1.0,0.0
2019-05-26,0.0,1.0,1.0,0.0,1.0,0.0
2020-10-09,0.0,0.0,1.0,0.0,1.0,0.0
2020-02-16,0.0,1.0,1.0,1.0,1.0,1.0
2022-05-26,0.0,0.0,1.0,0.0,1.0,0.0
2021-02-04,0.0,0.0,0.0,1.0,1.0,1.0
2021-08-13,0.0,1.0,1.0,0.0,1.0,0.0
2020-12-20,0.0,8.105409e-18,1.7018076e-18,1.0,1.0,0.0
2024-09-12,0.0,1.0,1.0,0.0,1.0,0.0
2019-05-31,0.0,0.0,0.0,0.0,1.0,0.0
2024-02-13,0.0,1.0,1.0,1.0,1.0,0.0
2019-10-19,0.0,0.0,1.0,0.0,1.0,0.0
2024-10-12,0.0,1.0,0.0,0.0,1.0,0.0
2021-10-01,0.0,0.0,1.0,0.0,1.0,0.0
2020-05-02,1.0,1.0,1.0,1.0,1.0,0.0
2020-01-28,1.0,1.0,1.0,1.0,1.0,0.0
2020-06-26,0.0,0.0,1.0,0.0,1.0,0.0
2023-11-11,0.0,0.0,0.0,0.0,1.0,0.0
2020-11-10,0.0,1.5855907e-29,0.99800557,0.0,1.0,0.0
2023-11-16,1.0,0.0,0.0,1.0,1.0,0.0
2023-11-24,1.0,0.0,0.0,1.0,1.0,0.0
2021-03-29,1.0,1.0,1.0,1.0,1.0,0.0
2021-03-09,1.0,1.0,0.0,1.0,1.0,0.0
2024-06-16,1.0,0.0,0.0,1.0,1.0,0.0
2023-05-14,1.0,0.0,1.0,1.0,1.0,0.0
2023-10-03,0.0,1.0,1.0,0.0,1.0,0.0
2021-01-18,0.0,3.622964e-30,0.0,1.0,1.0,1.0
2019-12-30,1.0,1.0,1.0,1.0,1.0,0.0
2021-03-19,1.0,1.0,1.0,1.0,1.0,0.0
2023-01-09,1.0,0.0,0.0,1.0,1.0,0.0
2020-09-02,0.0,0.0,1.0,0.0,1.0,0.0
2022-04-22,1.0,1.0,1.0,1.0,0.0,0.0
2024-06-05,0.0,0.0,0.0,0.0,1.0,0.0
2019-11-13,0.99900526,1.7905338e-19,1.0,0.0,1.0,0.0
2023-10-21,0.0,1.0,1.0,0.0,1.0,0.0
2022-11-22,1.0,0.0,0.0,1.0,1.0,0.0
2020-09-07,0.0,0.0,1.0,0.0,1.0,0.0
2021-10-22,0.0,0.0,0.0,0.0,1.0,0.0
2024-01-11,0.0,1.2634234e-24,0.0,1.0,1.0,0.0
2023-03-21,1.0,1.0,1.0,1.0,1.0,0.0
2024-05-06,0.0,0.0,1.0,1.0,0.0,0.0
2022-12-08,1.0,0.0,0.0,1.0,1.0,0.0
2022-05-05,1.0,1.0,1.0,1.0,1.0,0.0
2019-11-06,1.8032117e-22,0.0,1.0,0.0,1.0,0.0
2021-05-22,0.0,0.0,1.0,1.0,1.0,0.0
2021-03-31,1.0,1.0,1.0,1.0,1.0,0.0
2021-01-21,0.0,1.0,4.6250634e-07,1.0,1.0,1.0
2022-01-27,1.0,1.0,0.00010652035,1.0,1.0,0.0
2023-08-04,0.0,1.0,1.0,0.0,1.0,0.0
2022-11-16,1.0,0.0,0.0,1.0,1.0,0.0
2024-06-15,1.0,0.0,0.0,1.0,1.0,0.0
2023-02-06,1.0,0.0,0.0,1.0,1.0,0.0
2020-12-16,0.0,6.936265e-23,1.6010313e-11,1.0,1.0,0.0
2023-02-03,1.0,0.0,0.0,1.0,1.0,0.0
2023-08-11,0.0,0.0,1.0,0.0,1.0,0.0
2024-12-25,0.0,0.99999964,0.0,0.0,1.0,0.0
2023-12-19,1.0,0.0,0.0,1.0,1.0,0.0
2021-07-20,0.0,0.0,0.0,0.0,1.0,0.0
2019-11-18,1.0,1.0,1.0,0.0,1.0,0.0
2024-12-20,0.0,1.0,0.0,0.0,1.0,0.0
2020-11-06,0.0,1.0384674e-31,2.3108649e-11,0.0,1.0,0.0
2021-02-12,0.0,0.0,0.0,1.0,1.0,1.0
2022-01-30,1.0,1.0,0.0,1.0,1.0,0.0
2022-06-03,1.0,0.0,1.0,0.0,0.0,0.0
2022-03-15,0.0,1.0,1.0,1.0,1.0,0.0
2020-07-04,0.0,0.0,1.0,0.0,1.0,0.0
2019-04-25,1.0,1.0,1.0,1.0,1.0,0.0
2023-04-14,1.0,1.0,1.0,1.0,1.0,0.0
2020-07-20,0.0,1.0,1.0,0.0,1.0,0.0
2023-02-21,1.0,0.0,0.0,1.0,1.0,0.0
2020-04-17,1.0,1.0,1.0,1.0,1.0,0.0
2019-09-30,0.0,0.0,1.0,0.0,1.0,0.0
2021-09-13,0.0,0.0,1.0,0.0,1.0,0.0
2021-03-16,1.0,1.0,1.0,1.0,1.0,0.0
2020-01-04,1.0,1.0,1.0,1.0,1.0,0.0
2022-04-21,1.0,1.0,1.0,1.0,6.137912e-05,0.0
2022-01-04,1.0,1.0,4.062422e-22,1.0,1.0,0.0
2021-12-20,1.0,0.0,0.0,1.0,1.0,0.0
2023-10-10,0.0,1.0,1.0,0.0,1.0,0.0
2024-05-03,1.0,1.6897303e-33,1.0,1.0,0.0,0.0
2023-06-14,0.0,0.0,1.0,0.0,1.0,0.0
2019-08-18,0.0,0.0,1.0,0.0,1.0,0.0
2020-05-30,0.0,0.0,1.0,0.0,1.0,0.0
2021-04-12,0.0,1.0,1.0,1.0,1.0,0.0
2020-07-13,0.0,0.0,1.0,0.0,1.0,0.0
2022-04-12,1.0,1.0,1.0,1.0,1.0,0.0
2023-10-09,0.0,1.0,1.0,0.0,1.0,0.0
2022-08-25,0.0,0.0,1.0,0.0,1.0,0.0
2023-03-24,1.0,1.0,1.0,1.0,1.0,0.0
2021-01-06,0.0,8.12968e-12,9.474187e-27,1.0,1.0,1.0
2024-09-10,0.0,1.0,1.0,0.0,1.0,0.0
2019-10-23,0.0,0.0,1.0,0.0,1.0,0.0
2023-03-19,1.0,1.0,0.0,1.0,1.0,0.0
2024-01-08,0.0,5.658192e-38,0.0,1.0,1.0,0.0
2023-03-17,1.0,0.0,0.0,1.0,1.0,0.0
2020-03-27,1.0,1.0,1.0,1.0,1.0,0.0
2020-08-18,0.0,1.0,1.0,0.0,1.0,0.0
2024-11-15,0.0,1.0,0.0,0.0,1.0,0.0
2024-03-10,0.0,0.0,1.0,1.0,1.0,0.0
2020-08-31,0.0,0.0,1.0,0.0,1.0,0.0
2019-11-08,1.1997137e-08,0.0,1.0,0.0,1.0,0.0
2022-04-13,1.0,1.0,1.0,1.0,1.0,0.0
2022-01-02,1.0,1.0,1.0,1.0,1.0,0.0
2020-02-19,0.0,0.0,0.0,1.0,1.0,1.0
2021-11-22,1.0,0.0,0.0,1.0,1.0,0.0
2021-03-23,1.0,1.0,1.0,1.0,1.0,0.0
2022-02-13,0.0,1.0,1.0,1.0,1.0,0.9997725
2019-10-15,0.0,0.0,1.0,0.0,1.0,0.0
2020-08-16,0.0,1.0,1.0,0.0,1.0,0.0
2024-05-12,0.0,0.0,1.0,0.0,1.0,0.0
2019-07-15,0.0,0.0,1.0,0.0,1.0,0.0
2019-07-18,0.0,0.0,1.0,0.0,1.0,0.0
2022-05-23,0.0,0.0,1.0,0.0,1.0,0.0
2021-12-01,1.0,0.0,0.0,1.0,1.0,0.0
2021-10-03,0.0,0.0,1.0,0.0,1.0,0.0
2021-10-08,0.0,0.0,1.0,0.0,1.0,0.0
2019-11-29,1.0,1.0,1.0,1.0,1.0,0.0
2022-03-10,0.0,0.0,0.0,1.0,1.0,0.0
2021-05-21,0.065397955,1.6825908e-14,1.0,1.0,1.0,0.0
2021-11-27,1.0,0.0,0.0,1.0,1.0,0.0
2020-01-26,1.0,1.0,1.0,1.0,1.0,0.0
2019-12-24,1.0,0.9993455,1.0,1.0,1.0,0.0
2023-03-29,1.0,1.0,1.0,1.0,1.0,0.0
2021-12-31,1.0,1.0,0.0,1.0,1.0,0.0
2023-07-19,0.0,1.0,1.0,0.0,1.0,0.0
2019-04-04,0.0,1.0,1.0,1.0,1.0,0.0
2021-12-21,1.0,0.0,0.0,1.0,1.0,0.0
2024-08-14,0.0,1.0,1.0,0.0,1.0,0.0
2024-07-27,0.0,0.0,1.0,0.0,1.0,0.0
2024-09-20,0.0,0.0,1.0,0.0,1.0,0.0
2021-11-20,1.0,0.0,0.0,1.0,1.0,0.0
2023-08-24,0.0,1.0,1.0,0.0,1.0,0.0
2024-03-17,0.0,1.0,1.0,1.0,1.0,0.0
2021-09-07,0.0,0.0,1.0,0.0,1.0,0.0
2022-05-13,1.0,0.0,1.0,1.0,2.8100101e-37,0.0
2019-11-11,1.0,0.0,1.0,0.0,1.0,0.0
2023-06-09,0.0,0.0,1.0,0.0,1.0,0.0
2023-05-10,1.0,0.9949214,1.0,1.0,1.0,0.0
2020-02-10,0.0,1.0,1.0,1.0,1.0,1.0
2019-09-27,0.0,0.0,1.0,0.0,1.0,0.0
2021-10-14,0.0,0.0,0.0,0.0,1.0,0.0
2021-06-02,0.0,0.0,1.0,0.0,1.0,0.0
2023-04-20,1.0,0.0,1.0,1.0,0.0,0.0
2022-01-13,1.0,1.0,1.1860172e-15,1.0,1.0,0.0
2024-08-04,0.0,1.0,1.0,0.0,1.0,0.0
2022-01-31,1.0,1.0,0.0,1.0,1.0,0.0
2022-05-28,0.0,0.0,1.0,0.0,1.0,0.0
2024-06-26,0.0,0.0,1.0,0.0,1.0,0.0
2021-12-15,1.0,0.0,0.0,1.0,1.0,0.0
2021-02-15,0.0,0.0,0.0,1.0,1.0,1.0
2020-12-14,0.0,1.141672e-19,9.674289e-12,1.0,1.0,0.0
2021-12-19,1.0,0.0,0.0,1.0,1.0,0.0
2024-11-11,0.0,1.0,0.0,0.0,1.0,0.0
2023-10-30,0.0,1.0,1.0,0.0,1.0,0.0
2022-09-28,0.0,1.0,1.0,0.0,1.0,0.0
2023-09-13,0.0,1.0,1.0,0.0,1.0,0.0
2019-05-29,0.0,0.0,1.0,0.0,1.0,0.0
2022-06-20,0.0,0.0,1.0,0.0,1.0,0.0
2023-03-02,1.0,0.0,0.0,1.0,1.0,0.0
2023-10-07,0.0,1.0,1.0,0.0,1.0,0.0
2020-03-03,0.0,0.0,0.0,1.0,1.0,1.0
2022-01-28,1.0,1.0,2.983471e-09,1.0,1.0,0.0
2020-06-14,0.0,0.0,1.0,0.0,1.0,0.0
2020-01-24,1.0,1.0,1.0,1.0,1.0,0.0
2019-07-11,0.0,1.0,1.0,0.0,1.0,0.0
2023-01-29,1.0,0.0,0.0,1.0,1.0,0.0
2020-05-11,1.0,6.8598117e-34,1.0,1.0,1.0,0.0
2022-04-30,1.0,1.0,1.0,1.0,1.0,0.0
2023-05-08,1.0,1.0,1.0,1.0,1.0,0.0
2022-02-10,5.093576e-21,1.0,1.0,1.0,1.0,5.794385e-30
2022-08-17,0.0,0.0,1.0,0.0,1.0,0.0
2019-11-12,1.0,1.8633207e-07,1.0,0.0,1.0,0.0
2019-05-10,1.0,1.0,1.0,0.0,1.0,0.0
2023-11-30,1.0,0.0,0.0,1.0,1.0,0.0
2022-03-11,0.0,0.0,0.0,1.0,1.0,0.0
2023-12-07,1.0,0.0,0.0,1.0,1.0,0.0
2021-03-27,1.0,1.0,1.0,1.0,1.0,0.0
2021-08-11,0.0,0.0,1.0,0.0,1.0,0.0
2023-12-16,1.0,0.0,0.0,1.0,1.0,0.0
2021-06-29,0.0,0.0,1.0,0.0,1.0,0.0
2022-09-05,0.0,1.0,1.0,0.0,1.0,0.0
2019-06-04,0.0,0.0,1.0,0.0,1.0,0.0
2019-12-29,1.0,1.9921726e-08,1.0,1.0,1.0,0.0
2021-05-09,1.0,1.0,1.0,1.0,0.0,0.0
2019-08-17,0.0,0.0,1.0,0.0,1.0,0.0
2023-06-18,0.0,0.0,1.0,0.0,1.0,0.0
2021-07-31,0.0,0.0,1.0,0.0,1.0,0.0
2021-12-27,1.0,1.1268011e-34,0.0,1.0,1.0,0.0
2020-02-03,2.977508e-39,1.0,1.0,1.0,1.0,0.0
2023-08-30,0.0,1.0,1.0,0.0,1.0,0.0
2020-08-25,0.0,0.0,1.0,0.0,1.0,0.0
2021-08-21,0.0,0.0,1.0,0.0,1.0,0.0
2023-01-27,1.0,0.0,0.0,1.0,1.0,0.0
2021-11-13,1.0,0.0,0.0,1.0,1.0,0.0
2023-08-25,0.0,1.0,1.0,0.0,1.0,0.0
2022-01-18,1.0,1.0,2.1241665e-12,1.0,1.0,0.0
2019-06-26,0.0,0.0,1.0,0.0,1.0,0.0
2022-03-25,0.0,1.0,1.0,1.0,1.0,0.0
2022-08-14,0.0,0.0,1.0,0.0,1.0,0.0
2020-11-08,0.0,0.0,0.69983095,0.0,1.0,0.0
2024-10-13,0.0,1.0,0.0,0.0,1.0,0.0
2024-02-29,0.0,0.0,0.0,1.0,1.0,0.0
2023-07-05,0.0,0.0,1.0,0.0,1.0,0.0
2019-07-04,0.0,2.0074008e-14,1.0,0.0,1.0,0.0
2019-06-05,0.0,0.0,1.0,0.0,1.0,0.0
2023-04-07,1.0,1.0,1.0,1.0,1.0,0.0
2021-02-26,1.0,2.1903144e-17,0.0,1.0,1.0,0.0
2020-02-24,0.0,0.0,0.0,1.0,1.0,1.0
2024-12-17,0.0,1.0,0.0,0.0,1.0,0.0
2024-06-02,0.0,0.0,1.0,0.0,1.0,0.0
2024-09-16,0.0,0.0,1.0,0.0,1.0,0.0
2019-10-06,0.0,0.0,1.0,0.0,1.0,0.0
2021-03-06,1.0,1.0,0.0,1.0,1.0,0.0
2024-05-21,0.0,0.0,1.0,0.0,1.0,0.0
2020-08-11,0.0,1.0,1.0,0.0,1.0,0.0
2021-10-16,0.0,0.0,0.0,0.0,1.0,0.0
2022-01-06,1.0,1.0,1.3699957e-38,1.0,1.0,0.0
2020-11-28,0.0,0.0,9.596323e-36,0.0,1.0,0.0
2019-05-16,2.0159914e-05,1.0,1.0,1.8204147e-29,1.0,0.0
2024-04-13,1.0,1.0,1.0,1.0,1.0,0.0
2020-07-14,0.0,0.0,1.0,0.0,1.0,0.0
2019-12-14,1.0,0.99999976,1.0,1.0,1.0,0.0
2019-09-23,0.0,0.0,1.0,0.0,1.0,0.0
2023-06-26,0.0,0.0,1.0,0.0,1.0,0.0
2020-06-06,0.0,0.0,1.0,0.0,1.0,0.0
2021-06-28,0.0,0.0,1.0,0.0,1.0,0.0
2022-11-04,1.0,0.0,0.0,0.0,1.0,0.0
2020-02-11,0.0,1.0,1.0,1.0,1.0,0.9998017
2023-04-15,1.0,1.0,1.0,1.0,1.0,0.0
2021-12-23,1.0,0.0,0.0,1.0,1.0,0.0
2022-08-11,0.0,0.0,1.0,0.0,1.0,0.0
2019-11-17,1.0,1.0,1.0,0.0,1.0,0.0
2019-08-29,0.0,0.0,1.0,0.0,1.0,0.0
2022-07-13,0.0,0.0,1.0,0.0,1.0,0.0
2022-07-11,0.0,1.0,1.0,0.0,1.0,0.0
2021-06-24,0.0,0.0,1.0,0.0,1.0,0.0
2023-08-01,0.0,1.0,1.0,0.0,1.0,0.0
2024-10-26,0.0,1.0,0.0,0.0,1.0,0.0
2023-01-03,1.0,0.0,0.0,1.0,1.0,0.0
2024-05-31,0.0,0.0,1.0,0.0,1.0,0.0
2020-06-08,0.0,0.0,1.0,0.0,1.0,0.0
2022-06-23,0.0,0.0,1.0,0.0,1.0,0.0
2022-05-09,1.0,0.0,1.0,1.0,1.0,0.0
2023-06-16,0.0,0.0,1.0,0.0,1.0,0.0
2024-07-20,0.0,0.0,1.0,0.0,1.0,0.0
2022-04-08,1.0,1.0,1.0,1.0,1.0,0.0
2022-01-29,1.0,1.0,0.9558946,1.0,1.0,0.0
2021-08-01,0.0,1.0,1.0,0.0,1.0,0.0
2020-08-23,0.0,0.0,1.0,0.0,1.0,0.0
2019-10-02,0.0,0.0,1.0,0.0,1.0,0.0
2019-04-05,1.0,1.0,1.0,1.0,1.0,0.0
2022-07-06,0.0,1.0,1.0,0.0,1.0,0.0
2022-08-27,0.0,0.0,1.0,0.0,1.0,0.0
2024-09-26,0.0,0.0,1.0,0.0,1.0,0.0
2020-12-17,0.0,1.6764263e-19,9.174931e-18,1.0,1.0,0.0
2020-12-31,0.0,0.99979264,1.7298205e-26,1.0,1.0,0.0
2024-01-29,0.0,1.4779634e-07,0.0,1.0,1.0,0.0
2020-03-19,1.0,1.0,1.0,1.0,1.0,0.0
2022-03-12,0.0,0.0,0.0,1.0,1.0,0.0
2023-04-27,1.0,0.0,1.0,1.0,0.0,0.0
2023-09-06,0.0,1.0,1.0,0.0,1.0,0.0
2023-05-20,1.0,0.0,1.0,0.0,1.0,0.0
2023-09-12,0.0,1.0,1.0,0.0,1.0,0.0
2024-05-19,0.0,0.0,1.0,0.0,1.0,0.0
2019-09-05,0.0,0.0,1.0,0.0,1.0,0.0
2024-07-23,0.0,0.0,1.0,0.0,1.0,0.0
2023-06-25,0.0,0.0,1.0,0.0,1.0,0.0
2023-07-09,0.0,0.0,1.0,0.0,1.0,0.0
2023-06-13,0.0,0.0,1.0,0.0,1.0,0.0
2022-11-06,1.0,0.0,0.0,1.0,1.0,0.0
2024-07-31,0.0,2.0788204e-06,1.0,0.0,1.0,0.0
2021-06-15,0.0,0.0,1.0,0.0,1.0,0.0
2024-07-07,0.0,0.0,1.0,0.0,1.0,0.0
2021-08-16,0.0,0.0,1.0,0.0,1.0,0.0
2024-05-13,0.0,0.0,1.0,0.0,1.0,0.0
2023-07-17,0.0,1.0,1.0,0.0,1.0,0.0
2019-07-05,0.0,1.0,1.0,0.0,1.0,0.0
2024-09-28,0.0,0.0,1.0,0.0,1.0,0.0
2024-04-05,1.0,1.0,1.0,1.0,1.0,0.0
2022-05-25,0.0,0.0,1.0,0.0,1.0,0.0
2019-07-17,0.0,0.0,1.0,0.0,1.0,0.0
2024-12-02,0.0,1.0,0.0,0.0,1.0,0.0
2020-05-26,6.719143e-15,0.0,1.0,0.0,1.0,0.0
2020-11-20,0.0,0.0,6.446749e-28,0.0,1.0,0.0
2019-12-04,1.0,1.0,1.0,1.0,1.0,0.0
2021-06-08,0.0,0.0,1.0,0.0,1.0,0.0
2021-07-24,0.0,0.0,0.0,0.0,1.0,0.0
2022-06-08,0.0,0.0,1.0,0.0,1.0,0.0
2023-11-12,0.0,0.0,0.0,0.0,1.0,0.0
2024-11-28,0.0,1.0,0.0,0.0,1.0,0.0
2022-02-02,1.2957206e-06,1.0,0.0,1.0,1.0,0.0
2023-08-27,0.0,1.0,1.0,0.0,1.0,0.0
2024-10-11,0.0,1.0,0.0,0.0,1.0,0.0
2024-12-19,0.0,1.0,0.0,0.0,1.0,0.0
2024-07-29,0.0,0.0,1.0,0.0,1.0,0.0
2020-10-20,0.0,0.0,1.0,0.0,1.0,0.0
2024-03-07,0.0,0.0,1.0,1.0,1.0,0.0
2020-11-02,0.0,0.0,1.0,0.0,1.0,0.0
2021-10-27,0.0,0.0,0.0,0.0,1.0,0.0
2022-07-08,0.0,1.0,1.0,0.0,1.0,0.0
2020-06-17,0.0,0.0,1.0,0.0,1.0,0.0
2020-03-17,1.0,1.4817762e-12,1.0,1.0,1.1700891e-07,0.0
2019-05-21,0.0,1.0,1.0,0.0,1.0,0.0
2023-11-17,1.0,0.0,0.0,1.0,1.0,0.0
2019-12-18,1.0,0.20297287,1.0,1.0,1.0,0.0
2023-02-07,1.0,0.0,0.0,1.0,1.0,0.0
2024-11-06,0.0,1.0,0.0,0.0,1.0,0.0
2021-11-05,0.0,0.0,0.0,1.0,1.0,0.0
2023-09-24,0.0,1.0,1.0,0.0,1.0,0.0
2021-04-09,1.0,1.0,1.0,1.0,1.0,0.0
2023-01-20,1.0,0.0,0.0,1.0,1.0,0.0
2021-01-14,0.0,1.16467595e-30,0.0,1.0,1.0,1.0
2021-03-15,1.0,1.0,1.0,1.0,1.0,0.0
2024-12-24,0.0,1.0,0.0,0.0,1.0,0.0
2022-07-26,0.0,1.0,1.0,0.0,1.0,0.0
2021-09-20,0.0,0.0,1.0,0.0,1.0,0.0
2021-02-25,1.0,2.4271502e-17,0.0,1.0,1.0,0.0
2023-03-10,1.0,0.0,0.0,1.0,1.0,0.0
2020-09-14,0.0,0.0,1.0,0.0,1.0,0.0
2024-08-28,0.0,1.0,1.0,0.0,1.0,0.0
2024-02-12,0.0,1.0,1.0,1.0,1.0,0.0
2022-05-16,1.0,0.0,1.0,0.0,1.0,0.0
2020-12-22,0.0,7.777749e-20,7.670568e-17,1.0,1.0,0.0
2021-08-14,0.0,0.10743259,1.0,0.0,1.0,0.0
2021-08-09,0.0,1.0,1.0,0.0,1.0,0.0
2021-11-23,1.0,0.0,0.0,1.0,1.0,0.0
2021-05-24,0.0,0.0,0.0,0.0,1.0,0.0
2019-11-09,0.56456834,0.0,1.0,0.0,1.0,0.0
2020-08-05,0.0,1.0,1.0,0.0,1.0,0.0
2022-04-24,1.0,1.0,1.0,1.0,0.0,0.0
2022-11-19,1.0,0.0,0.0,1.0,1.0,0.0
2021-07-29,0.0,0.0,1.0,0.0,1.0,0.0
2022-06-13,0.0,0.0,1.0,0.0,1.0,0.0
2020-10-03,0.0,1.0,1.0,0.0,1.0,0.0
2021-05-02,1.0,1.2302107e-27,1.0,1.0,0.0,0.0
2021-04-17,0.0,1.0,1.0,0.0,1.0,0.0
2021-09-01,0.0,0.0,1.0,0.0,1.0,0.0
2022-07-22,0.0,1.0,1.0,0.0,1.0,0.0
2021-06-20,0.0,0.0,1.0,0.0,1.0,0.0
2023-06-03,0.0,0.0,1.0,0.0,1.0,0.0
2020-08-27,0.0,0.0,1.0,0.0,1.0,0.0
2024-07-21,0.0,0.0,1.0,0.0,1.0,0.0
2023-11-07,0.0,0.0,0.0,0.0,1.0,0.0
2019-05-15,5.2392213e-24,1.0,1.0,0.0,1.0,0.0
2021-04-23,0.0,1.0,1.0,0.0,1.0,0.0
2021-03-28,1.0,1.0,1.0,1.0,1.0,0.0
2020-12-10,0.0,1.1506646e-21,1.8537e-15,1.0,1.0,0.0
2024-08-06,0.0,0.0,1.0,0.0,1.0,0.0
2022-03-23,0.0,1.0,1.0,1.0,1.0,0.0
2023-11-13,1.0,0.0,0.0,0.0,1.0,0.0
2019-12-12,1.0,1.0,1.0,1.0,1.0,0.0
2024-08-11,0.0,0.0,1.0,0.0,1.0,0.0
2021-10-06,0.0,0.0,1.0,0.0,1.0,0.0
2024-12-26,0.0,0.9999999,0.0,0.0,1.0,0.0
2024-10-23,0.0,1.0,0.0,0.0,1.0,0.0
2021-11-10,1.0,0.0,0.0,1.0,1.0,0.0
2023-11-04,0.0,1.0,3.1743464e-15,0.0,1.0,0.0
2021-03-02,1.0,1.0,0.0,1.0,1.0,0.0
2020-10-27,0.0,0.0,1.0,0.0,1.0,0.0
2022-09-26,0.0,1.0,1.0,0.0,1.0,0.0
2022-05-06,1.0,0.0,1.0,1.0,1.0,0.0
2024-11-20,0.0,1.0,0.0,0.0,1.0,0.0
2022-07-24,0.0,1.0,1.0,0.0,1.0,0.0
2019-06-28,0.0,0.0,1.0,0.0,1.0,0.0
2024-06-11,1.0,0.0,0.0,1.0,1.0,0.0
2020-04-22,1.0,1.0,1.0,1.0,1.0,0.0
2023-08-06,0.0,1.0,1.0,0.0,1.0,0.0
2023-10-27,0.0,1.0,1.0,0.0,1.0,0.0
2022-07-18,0.0,1.0,1.0,0.0,1.0,0.0
2019-04-17,1.0,1.0,1.0,1.0,1.0,0.0
2020-09-26,0.0,1.0,1.0,0.0,1.0,0.0
2022-08-18,0.0,0.0,1.0,0.0,1.0,0.0
2021-10-24,0.0,0.0,0.0,0.0,1.0,0.0
2021-08-05,0.0,1.0,0.0,0.0,1.0,0.0
2024-05-11,0.0,0.0,1.0,0.0,1.6632089e-34,0.0
2023-05-23,1.0,0.0,1.0,0.0,1.0,0.0
2019-05-05,1.0,1.0,1.0,4.57631e-07,1.0,0.0
2021-09-24,0.0,0.0,1.0,0.0,1.0,0.0
2022-11-09,1.0,0.0,0.0,1.0,1.0,0.0
2024-09-07,0.0,1.0,1.0,0.0,1.0,0.0
2024-03-05,0.0,0.0,0.0,1.0,1.0,0.0
2021-12-29,1.0,8.122744e-25,0.0,1.0,1.0,0.0
2023-11-28,1.0,0.0,0.0,1.0,1.0,0.0
2024-01-07,1.5205212e-28,4.330283e-31,0.0,1.0,1.0,0.0
2021-09-16,0.0,0.0,1.0,0.0,1.0,0.0
2024-01-24,0.0,0.0,0.0,1.0,1.0,0.99999595
2019-07-16,0.0,0.0,1.0,0.0,1.0,0.0
2022-08-15,0.0,0.0,1.0,0.0,1.0,0.0
2020-09-18,0.0,0.0,1.0,0.0,1.0,0.0
2020-10-16,0.0,0.0,1.0,0.0,1.0,0.0
2024-09-05,0.0,1.0,1.0,0.0,1.0,0.0
2020-06-19,0.0,0.0,0.0,0.0,1.0,0.0
2024-06-28,0.0,0.0,1.0,0.0,1.0,0.0
2024-03-02,0.0,0.0,0.0,1.0,1.0,0.0
2024-10-30,0.0,1.0,0.0,0.0,1.0,0.0
2021-08-07,0.0,1.0,3.4554717e-09,0.0,1.0,0.0
2022-01-12,1.0,1.0,3.0987403e-17,1.0,1.0,0.0
2023-08-22,0.0,1.0,1.0,0.0,1.0,0.0
2021-08-06,0.0,1.0,0.0,0.0,1.0,0.0
2020-07-17,0.0,0.0,1.0,0.0,1.0,0.0
2024-10-31,0.0,1.0,0.0,0.0,1.0,0.0
2024-08-17,0.0,1.0,1.0,0.0,1.0,0.0
2023-04-08,1.0,1.0,1.0,1.0,1.0,0.0
2020-11-17,0.0,0.0,0.8836606,0.0,1.0,0.0
2023-11-23,1.0,0.0,0.0,1.0,1.0,0.0
2020-09-06,0.0,0.0,1.0,0.0,1.0,0.0
2021-04-10,1.0,1.0,1.0,1.0,1.0,0.0
2022-02-05,1.0,1.0,0.0,1.0,1.0,0.0
2024-10-18,0.0,1.0,0.0,0.0,1.0,0.0
2024-01-30,0.0,0.0,0.0,1.0,1.0,0.0
2023-01-26,1.0,0.0,0.0,1.0,1.0,0.0
2023-05-26,1.0,0.0,1.0,0.0,1.0,0.0
2024-12-13,0.0,1.0,0.0,0.0,1.0,0.0
2019-09-15,0.0,0.0,1.0,0.0,1.0,0.0
2022-07-12,0.0,2.944567e-07,1.0,0.0,1.0,0.0
2022-03-08,0.0,0.0,0.0,1.0,1.0,1.0
2023-03-03,1.0,0.0,0.0,1.0,1.0,0.0
2024-02-02,0.0,1.0,1.0,1.0,1.0,0.0
2024-03-09,0.0,0.0,0.0,1.0,1.0,0.0
2020-09-22,0.0,1.0,1.0,0.0,1.0,0.0
2019-04-29,1.0,1.0,1.0,1.0,1.0,0.0
2019-09-04,0.0,0.0,1.0,0.0,1.0,0.0
2023-01-30,1.0,0.0,0.0,1.0,1.0,0.0
2023-06-28,0.0,0.0,1.0,0.0,1.0,0.0
2023-10-15,0.0,1.0,1.0,0.0,1.0,0.0
2023-05-09,1.0,1.0,1.0,1.0,1.0,0.0
2024-07-09,0.0,0.0,1.0,0.0,1.0,0.0
2022-08-20,0.0,0.0,1.0,0.0,1.0,0.0
2023-06-02,0.0,0.0,1.0,0.0,1.0,0.0
2023-05-30,1.0,0.0,1.0,0.0,1.0,0.0
2020-02-05,1.1983199e-36,1.0,1.0,1.0,1.0,0.0
2021-12-17,1.0,0.0,0.0,1.0,1.0,0.0
2024-02-08,0.0,1.0,1.0,1.0,1.0,0.0
2024-01-14,0.0,2.3834004e-34,0.0,1.0,1.0,0.0
2024-01-19,0.0,3.3727037e-35,0.0,1.0,1.0,4.970748e-35
2020-06-10,0.0,0.0,1.0,0.0,1.0,0.0
2019-05-23,0.0,1.0,1.0,0.0,1.0,0.0
2021-11-30,1.0,0.0,0.0,1.0,1.0,0.0
2022-02-01,0.99999714,0.99999666,0.0,1.0,1.0,3.4832225e-25
2021-08-19,1.0,0.0,1.0,0.0,1.0,0.0
2022-09-03,0.0,1.0,1.0,0.0,1.0,0.0
2023-01-14,1.0,0.0,0.0,1.0,1.0,0.0
2021-05-12,1.0,0.98353577,1.0,1.0,0.0,0.0
2021-09-21,0.0,0.0,1.0,0.0,1.0,0.0
2024-04-17,1.0,1.0,1.0,1.0,1.0,0.0
2019-09-07,0.0,0.0,1.0,0.0,1.0,0.0
2020-08-02,0.0,1.0,1.0,0.0,1.0,0.0
2021-07-08,0.0,0.0,1.0,0.0,1.0,0.0
2023-04-24,1.0,0.0,1.0,1.0,0.0,0.0
2021-10-17,0.0,0.0,0.0,0.0,1.0,0.0
2022-07-09,0.0,1.0,1.0,0.0,1.0,0.0
2021-07-01,0.0,0.0,1.0,0.0,1.0,0.0
2021-02-08,0.0,0.0,0.0,1.0,1.0,1.0
2021-02-28,1.0,0.0,0.0,1.0,1.0,0.0
2020-09-05,0.0,0.0,1.0,0.0,1.0,0.0
2021-05-07,1.0,1.0,1.0,1.0,0.0,0.0
2023-03-28,1.0,0.0,0.0,1.0,1.0,0.0
2020-06-12,0.0,0.0,1.0,0.0,1.0,0.0
2022-08-07,0.0,0.0,1.0,0.0,1.0,0.0
2020-10-08,0.0,5.150924e-21,1.0,0.0,1.0,0.0
2020-03-20,1.0,1.0,1.0,1.0,2.4773583e-10,0.0
2024-01-03,1.6481591e-18,8.5299566e-17,0.0,1.0,1.0,0.0
2024-03-01,0.0,0.0,1.0,1.0,1.0,0.0
2020-11-04,0.0,0.0,1.0,0.0,1.0,0.0
2020-12-09,0.0,1.3922005e-25,3.2417696e-14,9.846947e-25,1.0,0.0
2022-12-17,1.0,0.0,0.0,1.0,1.0,0.0
