date,h0,h1,h2
2023-01-04,1.0,5.6979053e-07,0.9998043
2019-09-20,4.46931e-23,9.1364635e-21,4.38375e-24
2020-03-06,0.0013001765,3.1476207e-05,1.0
2023-07-05,5.9492758e-27,4.9271127e-15,4.098148e-20
2024-07-01,3.8635075e-27,1.1475654e-21,1.57832e-20
2024-03-14,4.1959058e-14,5.260296e-10,0.99951994
2023-06-29,6.878894e-25,6.0804755e-14,9.944611e-16
2021-03-18,0.00018876289,1.062604e-11,1.0
2024-10-13,1.5099792e-19,9.661901e-26,7.42101e-21
2024-12-02,1.0,0.96121466,0.013612125
2024-09-06,6.178201e-20,1.1334828e-20,2.598581e-19
2024-03-30,3.5336423e-06,0.8942548,1.0
2024-01-01,1.0,0.99999523,1.0
2023-01-01,0.9999994,7.4591135e-06,0.99999523
2024-01-25,1.0,0.9997603,1.0
2024-09-29,1.7997042e-25,7.261339e-20,5.373014e-22
2020-09-07,2.3283614e-31,1.0603396e-24,2.7001553e-22
2021-02-13,0.99999905,4.066063e-12,0.99999857
2021-04-15,1.3145993e-17,6.844722e-10,0.9999999
2020-07-10,1.6661059e-25,4.189346e-15,1.0558941e-19
2024-05-13,2.8243745e-05,0.984159,0.009847742
2020-08-27,2.2514033e-23,7.4822746e-19,4.1569198e-22
2022-02-13,1.0,0.9976636,1.0
2022-01-30,1.0,0.99999654,1.0
2021-05-03,0.000317221,1.0,1.0
2023-10-09,4.6493916e-21,1.1709314e-21,1.1665771e-26
2022-05-25,7.001176e-17,0.95406693,0.0013241342
2022-07-17,1.5912586e-26,1.9416856e-20,3.698273e-21
2022-02-04,1.0,0.9999821,1.0
2019-05-19,1.9931844e-11,0.48039722,0.99999976
2021-05-07,4.151505e-06,0.9999994,1.0
2019-08-23,4.139422e-28,1.2607826e-20,2.4054118e-20
2021-10-11,9.002029e-20,9.831278e-21,6.7716596e-23
2023-01-25,0.11168276,5.7932608e-05,0.9999994
2021-12-20,1.0,0.9999981,1.0
2020-08-17,1.1280391e-20,4.0164855e-12,4.9446495e-20
2020-04-24,2.574843e-06,1.0,1.0
2020-06-19,1.1966132e-18,1.9580133e-07,4.2906125e-13
2021-01-25,0.9999999,0.0014294785,1.0
2023-03-22,2.698638e-17,1.8419847e-15,0.9999907
2021-05-12,0.00027514793,0.99998987,1.0
2019-05-20,2.8482893e-15,0.0014232304,0.99999917
2023-12-25,1.0,0.9999689,0.99971133
2023-11-26,0.9996854,0.0031551535,6.3401595e-09
2022-01-10,1.0,0.99995315,1.0
2019-08-20,1.0961323e-25,9.660846e-16,1.8428718e-21
2024-11-12,1.1331127e-17,2.105737e-18,5.055717e-11
2021-02-17,0.98561895,1.35649625e-11,0.99999154
2020-11-21,0.9990681,2.8753103e-10,1.4027244e-09
2022-02-20,1.0,0.9703078,1.0
2021-04-17,6.804682e-21,8.0438275e-07,0.99632263
2021-08-19,1.674484e-11,4.5758712e-05,1.5225329e-16
2022-03-27,3.7888038e-15,7.347372e-15,1.0
2022-08-02,4.324616e-18,4.3368153e-11,4.0748605e-19
2023-10-14,4.055337e-19,8.442199e-24,9.3914e-25
2024-02-27,2.129856e-14,4.1718453e-18,1.645817e-09
2020-06-25,5.688792e-24,1.9274254e-15,1.8223844e-18
2024-01-07,1.0,0.99995124,1.0
2022-05-20,1.5485563e-18,0.5409191,9.448682e-06
2019-11-12,0.99991083,4.071818e-06,4.1867412e-07
2023-05-14,3.8817742e-08,0.9999975,1.0
2021-03-25,3.3746575e-14,1.9468147e-12,1.0
2023-10-24,8.554665e-15,6.607865e-21,1.2150327e-22
2023-10-10,1.5100475e-20,1.4804428e-23,2.1301032e-26
2023-02-25,0.0021387627,0.007240081,1.0
2024-02-23,6.15324e-22,2.786197e-22,1.1542375e-08
2023-09-08,2.611372e-25,2.45352e-19,2.5686329e-24
2019-09-03,4.462173e-30,7.89203e-22,5.338627e-23
2023-06-20,6.172031e-27,1.36062e-13,9.179991e-14
2024-08-29,2.1192942e-23,6.8349487e-18,9.390395e-18
2019-07-04,8.105972e-24,4.7134113e-10,3.9799977e-18
2020-03-03,0.9704221,1.7281762e-06,1.0
2020-09-04,2.2462857e-27,3.673941e-24,4.481724e-22
2021-09-18,9.890489e-28,2.830027e-24,2.4817616e-25
2020-10-20,8.379831e-15,6.7161754e-21,3.436744e-21
2019-11-03,2.3075392e-05,3.4119928e-08,1.5634255e-17
2023-07-12,2.0479786e-24,2.0402449e-15,2.3418934e-15
2021-02-10,1.0,9.316952e-09,0.9999993
2022-06-11,3.7623404e-18,4.683931e-08,9.064646e-19
2023-09-06,2.9020059e-24,3.066218e-23,3.29755e-23
2024-04-27,2.475596e-05,0.99999905,1.0
2021-12-12,0.99999964,0.9966763,1.0
2021-12-16,1.0,0.9999974,1.0
2020-07-13,1.6508732e-23,2.3992562e-14,2.9577594e-20
2019-05-28,9.5585e-23,2.9253302e-09,0.0053521125
2019-10-14,1.9505861e-13,1.1453237e-18,2.2008823e-19
2023-03-23,1.6359916e-14,7.428833e-08,1.0
2021-01-10,0.99999964,7.201821e-06,1.0
2024-08-20,9.6346075e-23,7.4510986e-23,7.9709924e-16
2021-08-16,8.94801e-26,1.7488807e-21,3.969545e-21
2021-08-15,4.5541112e-28,1.5028619e-23,3.3017827e-21
2023-03-12,0.00040713258,2.6383102e-06,1.0
2024-02-03,0.0002578006,1.8464872e-05,1.0
2024-01-04,1.0,0.88576394,0.9999999
2019-12-17,0.9999888,0.9999939,1.0
2024-06-07,2.8092913e-15,0.0019157734,0.000371891
2019-08-14,1.8849566e-20,3.5066918e-11,2.3002662e-19
2020-12-07,1.0,0.16323821,0.9999999
2019-11-16,1.0,2.4122637e-05,1.6934772e-06
2022-09-02,5.4639877e-27,1.1790595e-18,2.2964353e-26
2023-10-30,1.4677566e-16,1.1766976e-23,1.3585167e-21
2024-07-24,4.2666527e-28,6.658386e-24,3.9456573e-23
2021-09-07,5.0940964e-30,2.1086033e-21,5.7932115e-23
2023-07-28,2.3685356e-27,2.9373432e-18,4.5704324e-22
2024-11-04,6.8388046e-19,2.961798e-22,1.256627e-16
2024-04-15,1.3689591e-05,0.9999999,1.0
2020-12-14,1.0,0.9782828,0.9994261
2023-04-11,8.7062814e-20,2.1978547e-14,1.0
2022-07-16,4.5904444e-27,8.333518e-21,6.366608e-22
2020-06-29,8.26127e-18,3.5982706e-10,3.2500635e-19
2024-12-05,1.0,0.9995946,0.99984515
2021-04-03,1.7307722e-17,4.0313545e-18,0.999816
2020-03-13,0.04777243,3.66197e-05,1.0
2020-02-25,0.9999999,0.00026750704,1.0
2023-09-20,3.3391583e-23,2.0942953e-20,9.870854e-20
2024-07-09,8.2379134e-27,5.1231586e-20,9.816583e-22
2020-05-26,1.2824098e-08,1.0,0.99635434
2024-04-16,0.68314296,0.9999999,1.0
2024-10-11,4.2301784e-25,3.98234e-24,8.615543e-23
2024-06-17,1.9244552e-17,1.5432115e-06,2.7265796e-15
2022-09-06,8.056797e-25,5.2068207e-18,1.5218828e-23
2023-01-08,1.0,0.00023412913,0.99971706
2022-08-10,3.2492246e-24,1.3282554e-16,5.3285987e-22
2022-09-05,5.123953e-23,5.873532e-19,6.2964977e-28
2021-03-24,4.022357e-16,2.225794e-15,1.0
2020-05-31,7.490185e-19,0.0027346965,6.1231917e-09
2022-09-30,1.6026482e-14,8.581268e-23,2.59373e-25
2023-03-14,0.0001198005,1.9937218e-06,1.0
2023-08-10,6.833021e-25,4.0727094e-22,1.8528148e-24
2022-06-03,3.361929e-11,1.0,0.022298783
2022-09-20,5.317077e-18,1.158327e-22,3.4942382e-27
2023-10-25,1.94452e-17,8.2413604e-22,7.329886e-20
2021-03-12,0.88774127,1.8259729e-09,1.0
2023-08-27,4.859273e-26,1.3923716e-16,9.923965e-22
2019-06-17,4.7589695e-24,7.722035e-13,3.55221e-16
2024-12-17,1.0,0.99816173,0.99995804
2024-10-06,2.880141e-21,1.4175873e-24,5.230321e-22
2021-10-19,9.32575e-17,9.95222e-20,7.9891903e-25
2022-03-23,1.5166526e-19,8.570817e-19,0.9999815
2021-05-08,5.6945596e-06,0.9999995,1.0
2019-11-08,0.0019875187,4.6622337e-09,1.0870459e-11
2020-03-30,0.96187025,0.42852813,1.0
2023-07-27,2.5150597e-26,1.2832903e-16,2.594072e-21
2022-01-14,1.0,1.0,1.0
2020-06-21,2.8443654e-18,3.677904e-08,1.9208636e-15
2022-06-08,8.571217e-17,0.052808963,3.044651e-11
2020-02-17,0.99960107,0.95838404,1.0
2024-11-15,1.7027169e-05,3.8486836e-14,2.1811918e-05
2022-04-24,1.1263426e-07,0.99999976,1.0
2020-06-20,2.8815753e-17,3.0972956e-07,8.498099e-16
2022-07-08,5.519064e-26,1.15094605e-20,4.1859904e-23
2022-09-01,6.609005e-27,3.9792274e-16,2.9277888e-26
2023-12-31,1.0,0.99995863,0.9999883
2019-05-08,2.447803e-08,0.9999833,1.0
2021-08-26,5.894183e-26,3.278415e-20,5.029308e-18
2020-05-17,6.926924e-10,0.99997604,0.9999999
2024-01-13,1.0,0.99999917,1.0
2020-02-08,0.9998216,0.98893064,1.0
2021-06-19,1.7657662e-22,0.00016432985,2.170134e-13
2022-11-03,1.715635e-08,4.8509324e-10,1.2573463e-16
2023-12-16,1.0,0.97365046,0.96732235
2022-08-16,7.85085e-25,4.56177e-17,3.416949e-23
2023-03-13,6.759651e-06,1.5500289e-05,1.0
2022-04-25,5.81608e-10,1.0,1.0
2021-12-05,1.0,0.9997528,0.9999809
2024-06-20,2.2936097e-24,7.3890815e-12,9.992101e-17
2023-01-03,0.9999976,7.621994e-08,0.83578426
2019-04-04,2.2365125e-20,3.18733e-15,0.9999962
2022-01-12,1.0,0.99998677,1.0
2020-03-22,0.9989127,0.99252325,1.0
2020-03-25,0.00055697316,0.9924886,1.0
2024-10-02,1.7455707e-18,5.0988384e-23,2.165551e-22
2022-03-13,2.8745436e-07,2.5436438e-15,0.9996308
2023-06-24,3.700747e-26,2.2212783e-14,2.4966893e-17
2024-07-25,1.0880149e-29,6.067255e-22,1.1439682e-21
2024-09-11,5.900853e-15,1.6010152e-12,5.732293e-17
2023-07-16,6.161706e-26,3.632412e-17,1.6580129e-21
2020-03-23,2.2453987e-06,0.28041503,1.0
2023-06-08,9.526197e-26,5.2871565e-06,8.874901e-08
2019-06-01,1.9844113e-29,7.84984e-12,2.9042358e-14
2020-05-02,2.6460532e-07,1.0,1.0
2024-06-09,1.0413672e-16,1.3883124e-07,5.7891674e-16
2019-11-14,0.9999982,5.4723025e-11,1.40617535e-08
2020-09-13,2.032006e-28,4.400291e-22,8.123819e-20
2023-02-11,0.9999852,0.42639157,1.0
2024-12-10,1.0,0.99982184,0.9992101
2023-01-16,0.9999925,1.144198e-05,1.0
2024-12-25,1.0,0.99748504,0.9994271
2020-12-29,1.0,0.8797058,1.0
2024-12-24,1.0,0.9971734,0.9999933
2023-05-26,3.9094264e-10,0.99991345,0.9936179
2023-11-15,7.8223235e-12,1.7286261e-19,4.257486e-19
2019-09-09,9.063793e-24,4.955231e-17,1.3729689e-21
2022-09-22,5.809071e-18,3.2426656e-22,9.8943765e-28
2022-06-07,1.7804288e-16,0.99895084,3.257335e-05
2021-08-04,4.374837e-28,2.4293273e-24,1.377792e-19
2022-02-14,0.9999995,0.7160709,1.0
2019-07-18,6.4661867e-19,3.1762137e-10,1.0506662e-20
2021-08-14,8.782232e-28,1.2178866e-22,2.6181784e-22
2024-02-05,0.9999689,0.00011455305,1.0
2024-08-21,4.7130135e-22,9.4521644e-20,1.9448453e-18
2023-06-23,6.888055e-26,7.71073e-17,9.796024e-19
2021-12-27,1.0,1.0,1.0
2019-10-11,1.4117858e-09,1.6431449e-16,1.8271368e-20
2020-09-19,4.4959937e-27,7.862959e-25,1.800427e-23
2021-05-28,0.009627949,0.6634233,0.9998499
2021-04-22,1.188721e-08,0.99995244,1.0
2023-10-03,9.129477e-25,7.837547e-22,1.623584e-27
2024-07-05,1.6587189e-24,1.4890877e-21,2.0587285e-21
2022-12-27,1.0,1.0033949e-06,0.99999964
2023-02-14,0.9721771,0.25381368,0.99994135
2020-04-18,3.288453e-07,1.0,1.0
2022-04-21,2.60026e-09,0.99999905,1.0
2022-02-03,0.9999999,0.9999989,1.0
2021-08-25,1.2399488e-20,6.5404902e-18,6.403882e-20
2021-10-13,3.275483e-24,5.21848e-23,1.3375555e-23
2019-10-30,7.2419004e-07,3.5824627e-15,1.4430079e-15
2023-09-13,1.1040722e-25,5.453318e-15,3.9847203e-19
2023-08-20,5.971128e-26,4.320692e-18,1.4439836e-21
2021-05-05,9.82928e-08,0.99999905,1.0
2019-11-24,0.20433216,3.5829244e-06,0.05279742
2019-06-29,2.8955262e-24,1.3348953e-11,2.9626003e-22
2021-03-15,0.0023568626,1.1978711e-11,1.0
2023-11-13,2.6615843e-12,8.551287e-19,3.2980926e-22
2023-11-09,1.0655049e-17,4.1939206e-22,1.0712616e-21
2021-06-13,2.0012411e-15,5.7037723e-06,6.215042e-07
2020-07-06,2.05642e-22,2.3106913e-16,2.697574e-20
2022-01-19,1.0,0.99999964,1.0
2024-03-11,4.2929743e-26,5.6488216e-19,2.0423633e-07
2022-07-02,6.423095e-25,1.2995217e-17,2.286971e-23
2019-12-26,0.9999989,0.99999917,1.0
2024-03-16,4.144015e-15,1.657729e-09,0.9999981
2023-12-17,1.0,0.9989513,0.99998164
2021-04-02,1.7312397e-26,7.310598e-14,0.9925964
2023-05-12,8.360001e-08,0.99999607,1.0
2022-12-30,1.0,0.8997571,0.99999976
2024-08-11,9.109639e-27,2.417557e-18,1.23062985e-17
2024-08-25,7.9664384e-22,1.9273793e-17,1.2790517e-18
2020-08-01,2.3068243e-24,1.2704162e-17,3.150636e-18
2024-04-23,0.14230044,0.9999825,1.0
2022-01-16,1.0,1.0,1.0
2023-09-21,4.425643e-22,5.676572e-22,3.0908746e-19
2022-09-29,5.3066637e-17,1.6913915e-21,5.5407884e-27
2021-12-10,1.0,0.99939847,0.9999999
2019-09-16,1.719372e-20,2.1030033e-22,6.204455e-23
2024-01-31,0.99999845,0.1610242,1.0
2024-05-19,1.0803592e-07,0.19337724,0.25783002
2019-12-22,0.99999285,0.9997812,0.9999995
2024-07-12,1.8748322e-26,3.7503125e-21,1.0652062e-21
2023-09-07,5.423191e-24,1.3313529e-19,1.6691112e-22
2023-07-02,8.3834615e-26,7.312891e-16,6.402703e-22
2020-01-22,0.9999939,1.0,1.0
2019-07-08,3.596775e-21,1.1630568e-09,1.0316002e-18
2023-12-21,1.0,0.9958627,0.9996221
2021-11-14,0.16855401,2.494878e-07,3.2007633e-11
2020-07-09,2.1307332e-22,7.006146e-17,1.8694388e-20
2021-02-23,0.9997223,1.0581198e-06,1.0
2019-04-07,1.1132892e-15,4.152741e-08,1.0
2023-10-07,6.203558e-22,1.4408718e-25,7.303818e-27
2019-05-25,2.4514457e-17,6.5705916e-09,0.99313956
2022-05-04,1.4790559e-05,1.0,1.0
2023-02-06,0.9999999,0.61867917,1.0
2020-09-25,4.4294703e-25,1.6494774e-21,5.937646e-19
2023-07-31,3.5929005e-25,6.383647e-17,8.6342405e-21
2024-03-29,6.167377e-07,0.99874324,1.0
2019-08-19,1.8701098e-27,6.15518e-17,4.9866656e-19
2023-10-16,2.1280042e-22,2.5083008e-22,3.060745e-26
2019-06-06,6.650215e-23,4.9905514e-14,1.4067264e-10
2023-02-04,0.99998164,0.0032763828,0.9999993
2022-08-26,5.1250475e-23,1.6775157e-17,1.9692676e-23
2019-10-20,2.097965e-13,1.6561785e-15,8.809676e-21
2024-11-19,0.9913169,3.5993846e-09,1.7168452e-09
2020-03-18,8.467316e-07,0.99999917,1.0
2023-10-05,1.6536733e-21,3.1943035e-23,2.7149165e-28
2020-02-14,0.99373204,0.86579716,1.0
2021-04-12,3.975084e-17,2.1325452e-12,0.83899015
2023-07-19,2.1343621e-14,1.9461353e-08,5.039397e-08
2023-02-08,0.9999615,0.24637786,0.9999999
2021-06-30,3.4229387e-22,0.13290225,7.9357315e-10
2020-02-18,0.7687845,0.90243536,1.0
2021-11-06,6.855504e-09,4.492589e-13,1.3643569e-17
2019-03-29,4.0614214e-19,8.537923e-19,0.9588769
2023-05-01,1.0419317e-08,0.9999982,1.0
2021-08-08,3.3602718e-28,7.81204e-26,5.410961e-23
2023-12-05,1.0,0.9999938,0.9995554
2020-08-31,3.4695917e-24,5.789043e-21,5.1178265e-20
2020-08-21,4.842084e-18,2.3900302e-14,2.1897337e-21
2022-02-22,1.0,3.963405e-05,1.0
2020-01-29,0.9999949,0.9999993,1.0
2020-12-30,1.0,0.0007582429,1.0
2023-03-27,6.7871396e-11,1.0471969e-09,1.0
2020-08-24,4.1540077e-20,2.2747984e-12,1.6824384e-16
2020-03-02,0.0001476152,3.7264005e-08,0.9999999
2020-09-06,1.0852341e-28,1.0813765e-24,7.199614e-19
2024-07-17,5.7868807e-28,2.4740092e-26,1.1403073e-23
2023-10-18,3.1350727e-19,4.8635432e-24,2.9866892e-23
2024-04-28,4.6348483e-05,0.9999993,1.0
2022-04-02,7.5957035e-10,1.0606029e-12,1.0
2022-03-08,0.9994497,5.3786793e-09,0.9999713
2023-06-14,9.434772e-26,1.0842494e-09,4.6513664e-11
2024-11-16,0.04941326,5.0750086e-12,4.248858e-05
2020-09-14,2.1218461e-27,5.26767e-20,3.8586146e-21
2024-12-08,1.0,0.99963033,0.9993808
2022-08-01,2.1276045e-16,7.2654036e-11,2.7721433e-19
2021-02-28,0.99999976,7.346515e-08,1.0
2023-12-10,1.0,0.9367315,0.99398154
2020-05-10,3.6223535e-09,1.0,1.0
2019-09-23,1.4809995e-19,5.5483437e-18,4.2877768e-23
2022-01-29,1.0,0.9998203,1.0
2021-03-13,0.0002488685,7.6218115e-10,1.0
2020-12-18,0.9999994,0.33545333,1.0
2021-09-20,5.0795145e-26,7.223664e-25,2.0355867e-24
2022-11-14,0.99979275,0.00029829756,1.0190886e-09
2022-06-20,1.0406834e-25,1.9708375e-16,9.126088e-20
2022-04-03,4.3190737e-12,2.481791e-13,1.0
2024-08-18,6.017679e-28,1.2525059e-17,1.1373659e-16
2022-11-04,1.4911315e-07,5.7647625e-08,8.2119406e-18
2023-09-12,3.0196616e-22,2.7072877e-18,9.077807e-24
2021-01-31,0.99999964,1.6252886e-07,1.0
2021-09-26,1.5511563e-27,9.6114974e-27,3.8152821e-25
2021-01-15,1.0,0.006232452,1.0
2022-11-12,0.9942405,0.007460615,1.2219999e-08
2023-01-14,0.9999988,0.0011668286,0.9999982
2024-07-16,1.2467084e-26,2.1452552e-25,1.0250543e-23
2019-03-26,1.2915661e-15,5.349147e-15,0.999985
2024-03-24,1.1717138e-07,3.4710954e-08,1.0
2024-06-13,6.389453e-15,9.370443e-11,5.5114486e-18
2020-12-19,1.0,0.71428406,0.9999999
2021-09-29,1.3888972e-23,4.776101e-24,6.133532e-29
2019-08-29,2.2773441e-29,5.0222943e-17,3.983904e-17
2022-02-15,0.99999964,0.99902725,1.0
2023-09-18,7.191261e-29,1.1605675e-18,3.6312113e-22
2024-01-24,1.0,0.999977,1.0
2019-11-23,0.99760914,1.4629977e-07,1.6480704e-05
2023-04-06,1.885997e-15,1.9177337e-07,1.0
2019-04-28,4.0689146e-10,0.99955636,1.0
2021-07-23,1.1559348e-29,3.9196886e-23,2.3355521e-21
2024-05-28,3.2031588e-10,0.96395075,0.3594379
2020-08-18,1.7889096e-18,7.440557e-13,3.248482e-16
2024-11-08,1.4872782e-19,2.7681447e-22,4.2089134e-11
2021-05-18,0.00016414492,0.999985,1.0
2021-10-14,4.708508e-20,7.0266946e-19,1.7221545e-21
2021-03-16,0.0018528705,1.4431566e-11,1.0
2021-11-27,1.0,0.16486096,0.8265005
2020-03-14,0.03735157,0.9994593,1.0
2020-03-26,1.6023463e-07,0.27601576,1.0
2023-07-22,1.7298386e-28,7.3510977e-16,7.2483284e-21
2019-09-29,7.7199074e-11,3.5548326e-20,2.2533288e-22
2020-05-01,8.5307666e-10,1.0,1.0
2020-06-13,1.7129115e-19,0.00077283126,2.7180326e-06
2023-04-26,4.305638e-10,0.9999999,1.0
2021-04-16,2.995587e-17,2.098367e-07,0.99937963
2021-03-05,0.0005560597,3.5537894e-08,1.0
2024-11-21,0.9996921,4.088471e-05,0.023626689
2021-12-18,1.0,1.0,1.0
2024-11-10,1.677222e-16,1.8742801e-20,7.3265713e-09
2021-06-02,1.5611434e-07,0.99844897,0.5945246
2023-01-13,1.0,6.231861e-09,0.9999018
2023-12-29,1.0,0.99929285,0.9999999
2019-05-10,2.3558738e-07,0.9994623,1.0
2021-03-01,0.9963463,2.1582561e-07,1.0
2023-11-23,8.7619304e-07,1.2931258e-06,2.0621089e-13
2021-07-02,5.4656247e-23,1.6857411e-15,3.0468493e-17
2019-06-27,2.3419135e-28,3.911473e-16,1.3717856e-21
2021-03-29,1.2836065e-19,2.0004976e-18,0.99999464
2020-07-29,2.299117e-19,3.02163e-12,4.8721445e-15
2019-07-29,3.9707715e-21,5.641036e-12,9.949059e-22
2022-03-19,4.9647138e-08,1.1423665e-16,0.997122
2023-01-26,0.8174583,0.0068875626,1.0
2022-02-18,1.0,0.8495034,1.0
2019-12-23,0.99999666,0.9999995,1.0
2020-12-20,1.0,0.3261838,0.9999918
2021-10-06,1.7414646e-21,9.059378e-22,1.3633199e-27
2021-08-21,9.608354e-10,9.76045e-13,1.3995925e-16
2021-07-26,1.7412184e-29,8.30963e-25,6.201521e-23
2023-03-03,0.00071668776,0.00022812313,1.0
2024-06-06,1.0730496e-12,2.927425e-06,1.5101022e-09
2022-05-29,5.2631315e-12,0.99997556,0.08333387
2024-09-05,4.8118058e-21,6.4534713e-19,3.996137e-19
2024-12-29,1.0,0.99999714,0.999995
2023-09-10,1.5238324e-26,1.7447454e-18,2.4324339e-24
2019-12-29,0.99999094,1.0,1.0
2021-11-29,1.0,0.99974674,0.9999951
2020-08-05,1.4110807e-24,4.560567e-14,2.202185e-18
2020-05-07,3.3770742e-09,1.0,1.0
2023-04-15,1.8030273e-13,0.99992824,0.99999666
2023-10-04,3.580693e-19,1.3025607e-22,1.7543531e-21
2020-10-28,1.7503551e-14,5.818038e-12,2.3190616e-17
2022-07-31,9.852008e-20,2.006541e-09,6.980186e-18
2023-06-04,9.5614616e-29,1.2873662e-10,2.389101e-10
2024-10-18,1.1627286e-20,9.2116066e-27,5.571563e-20
2020-03-04,0.7534293,1.6486852e-06,1.0
2020-03-24,0.0021004465,0.007012367,1.0
2021-01-13,0.99999964,0.0012131747,1.0
2021-03-07,0.1449784,1.06050834e-07,1.0
2022-09-21,2.1848642e-18,2.2559178e-22,1.1626447e-27
2021-10-09,3.81737e-22,2.1400032e-22,4.383702e-23
2019-05-11,7.5326195e-12,0.9999788,0.99999905
2024-07-14,5.0381565e-27,1.4716304e-24,8.0722533e-22
2019-05-30,4.3779025e-16,1.3017136e-07,3.2677399e-06
2022-07-11,3.8295992e-26,3.505412e-20,3.4057352e-21
2023-07-06,8.4360825e-24,9.01448e-14,3.8587274e-16
2021-09-15,2.9612273e-26,1.8728632e-22,2.0653724e-24
2020-02-05,0.99997103,0.9996728,1.0
2023-02-28,0.0006608325,5.279037e-07,0.99999964
2023-02-01,0.9992816,0.02303971,0.9999622
2022-06-10,7.079719e-21,5.5311782e-05,1.3689631e-13
2021-06-04,2.019922e-10,0.87810284,0.00010245175
2021-02-19,0.9999336,7.3037236e-11,0.9999999
2024-06-14,5.241565e-15,4.8149684e-07,5.1891048e-14
2021-03-06,0.5242886,1.3970462e-07,1.0
2021-04-23,1.001433e-12,0.41909203,1.0
2020-11-23,0.9999906,1.8103252e-10,2.3810888e-05
2024-05-11,2.4001562e-08,0.99924684,0.89710855
2020-10-06,1.179088e-23,1.8099327e-20,6.4649436e-22
2023-09-27,7.7577364e-23,7.3277257e-22,1.2126914e-27
2019-09-02,5.1684928e-24,1.712859e-19,4.68825e-22
2024-12-18,1.0,0.9999819,0.99999523
2024-01-21,1.0,0.99707353,0.9999994
2021-11-13,1.7483357e-05,1.5357196e-07,8.183594e-14
2023-02-13,0.9588777,0.40855005,0.99999976
2022-12-31,1.0,0.20155865,0.99999213
2023-03-01,0.0054386095,0.036174674,1.0
2022-12-05,1.0,0.117211856,0.008710133
2019-10-22,7.42653e-14,4.5375115e-15,3.7386302e-20
2020-06-02,2.1480768e-21,0.000848191,7.900417e-11
2024-03-21,3.325827e-13,0.00045172015,1.0
2020-10-04,3.5532644e-25,1.0665332e-18,3.80802e-21
2023-01-22,0.9588803,0.000875836,1.0
2021-01-07,0.9999999,0.00015340463,1.0
2021-08-18,1.2689915e-18,1.1349786e-11,5.224247e-19
2020-02-20,0.9999877,0.7595206,1.0
2021-05-01,5.7084677e-08,0.99999654,1.0
2021-09-24,2.2237507e-28,2.9362337e-26,9.745638e-25
2024-05-25,1.5193109e-11,0.98558146,0.0028723327
2024-02-25,1.4694184e-19,1.9028374e-20,8.676196e-08
2023-08-30,3.6556832e-24,2.5044514e-19,1.7694623e-21
2023-03-06,0.006422998,1.8877788e-07,1.0
2024-07-21,3.0259652e-32,4.7932633e-22,1.9497983e-20
2024-12-19,1.0,0.9992379,0.9993389
2021-01-24,0.9999999,8.9712434e-05,1.0
2019-11-30,0.9989924,0.9999645,1.0
2020-03-09,0.006632028,2.4927358e-05,1.0
2019-08-16,1.4395075e-20,3.6640155e-14,2.6043612e-23
2020-01-02,0.9999354,1.0,1.0
2021-10-20,1.086818e-18,2.7484592e-21,3.719597e-27
2020-08-08,1.2427306e-24,8.630566e-18,1.009741e-21
2024-01-15,1.0,0.9999914,1.0
2019-04-20,2.0441746e-06,0.99999917,1.0
2019-11-26,0.5532019,0.00024770218,0.86473995
2023-08-03,3.7526603e-28,8.989954e-19,1.04120905e-22
2021-07-07,2.7510992e-16,2.5619321e-11,4.754999e-15
2022-03-15,8.143134e-16,1.706821e-17,0.99736243
2022-04-22,5.581698e-09,1.0,1.0
2024-07-07,3.85074e-25,2.5911963e-19,3.455882e-23
2023-10-01,2.978976e-22,3.7698732e-23,1.0371273e-27
2023-08-17,1.336414e-29,1.4669588e-20,2.6176365e-24
2023-12-28,1.0,0.9998796,0.9999999
2024-01-28,1.0,0.9996625,1.0
2020-10-22,4.5145586e-18,9.271192e-18,3.4085686e-21
2024-05-09,0.00019293722,0.99999416,0.9999932
2022-12-20,1.0,0.0004000234,0.99861205
2019-04-17,1.1786057e-10,0.83246267,1.0
2021-01-05,1.0,9.539057e-06,1.0
2023-11-03,4.6002897e-15,1.2039459e-22,3.399375e-21
2024-07-20,6.40925e-30,2.0630582e-23,8.1776224e-24
2022-01-18,1.0,0.99999917,1.0
2023-11-14,4.1919666e-08,2.501895e-17,1.6531957e-19
2019-06-28,1.1584952e-29,2.004319e-16,1.6111628e-21
2022-06-23,8.221722e-25,1.783588e-18,1.5979417e-21
2024-11-27,1.0,0.9872723,0.23091877
2019-05-23,1.5335496e-16,1.2649797e-07,0.70101553
2020-02-09,0.98645544,0.99607486,1.0
2020-11-18,0.20889306,1.0483504e-12,2.3574933e-12
2021-01-29,1.0,0.00034634472,1.0
2020-07-25,1.8622221e-27,5.819119e-14,1.0427323e-13
2023-03-10,0.00029329452,2.097716e-06,1.0
2020-12-09,1.0,0.00045688127,0.99743736
2023-06-05,5.8229053e-29,1.297186e-10,8.806172e-08
2023-12-24,1.0,0.9999467,0.99879813
2022-12-02,1.0,6.562884e-05,0.0016073366
2024-05-23,2.5583735e-10,0.9956866,0.77012664
2023-06-21,1.578853e-24,4.003223e-12,4.671646e-15
2020-12-17,0.9999995,0.37139797,0.9999814
2019-05-21,2.481855e-11,1.5952746e-06,0.99999964
2019-07-14,1.6020777e-24,1.176205e-10,1.3052771e-21
2024-07-23,3.2673477e-31,4.1425762e-23,5.3762798e-20
2021-01-08,0.9999995,0.00014168223,1.0
2020-03-20,6.288891e-12,0.99999976,1.0
2023-02-02,0.9999088,0.04262931,1.0
2022-12-14,1.0,0.7347449,0.9914522
2023-11-24,0.99999094,1.4006089e-05,3.1948262e-09
2021-07-08,3.4843053e-14,3.221562e-08,1.1624622e-13
2022-03-06,0.9999994,3.067217e-09,0.9999238
2022-09-07,4.155445e-22,7.773266e-21,5.3059565e-24
2023-09-26,3.1365105e-25,3.1092438e-24,1.0644485e-25
2020-09-18,1.5129432e-26,8.551009e-23,1.6559506e-23
2023-02-07,0.99996436,0.46306434,1.0
2024-09-04,3.8813176e-22,1.7385475e-17,8.035891e-18
2022-03-21,7.1296044e-16,1.3656176e-16,0.9994783
2021-03-21,1.3155734e-08,5.9940436e-14,1.0
2022-04-11,1.0557927e-05,0.99999917,1.0
2024-03-20,1.2519405e-12,0.0006283646,1.0
2023-03-26,1.0986581e-15,3.1239532e-11,0.9999999
2021-10-07,6.204728e-19,6.847938e-20,1.3071849e-22
2021-09-28,2.2336792e-22,7.479252e-26,3.6006174e-22
2021-11-25,0.99999833,0.52190715,0.7069651
2023-09-03,8.053575e-24,2.8762416e-22,7.9434445e-20
2021-02-06,0.99762684,1.2290463e-10,1.0
2023-04-17,1.503933e-10,0.99999607,1.0
2024-05-05,3.4784916e-12,1.0,0.99994254
2022-02-06,1.0,0.99997556,1.0
2023-05-19,1.08886155e-07,0.9999999,1.0
2023-05-05,1.6824553e-06,0.9999994,1.0
2024-02-02,0.002913106,7.387781e-06,1.0
2022-01-20,1.0,0.9999999,1.0
2024-06-08,1.5571775e-15,0.0014970881,2.5520392e-09
2022-03-12,0.0097819185,2.1503104e-14,0.96515256
2020-03-07,0.9872098,6.6483385e-06,0.94572115
2023-12-18,1.0,0.99901414,0.9998227
2019-04-14,1.2946245e-15,7.2878424e-07,1.0
2022-11-10,0.0032388438,1.716966e-06,2.5630585e-13
2023-09-30,5.0546503e-21,3.025872e-25,5.364671e-25
2021-04-05,1.791619e-20,1.7408771e-13,0.9827208
2024-07-26,2.961309e-32,2.6982002e-21,6.8471965e-23
2021-09-05,8.235114e-28,2.3894757e-24,1.3046343e-22
2021-06-08,0.4311582,0.99976987,0.80347335
2019-09-18,5.2733968e-21,1.5056228e-22,1.779052e-22
2021-08-11,4.336649e-30,2.6731997e-23,5.290607e-20
2024-09-26,2.1217836e-25,1.6932234e-23,8.5229504e-20
2024-01-09,1.0,0.99994016,1.0
2019-12-04,0.9999994,0.9978098,0.99997914
2022-08-17,1.1106075e-24,1.6182505e-16,5.019025e-22
2021-01-23,0.9999989,7.4267354e-07,1.0
2022-03-22,7.168326e-17,1.6305605e-19,0.9999653
2019-07-05,6.6582045e-25,1.5544578e-13,8.2123753e-19
2023-11-18,3.1505897e-07,7.9367967e-16,5.1223464e-17
2020-03-19,1.3359167e-11,0.9996113,1.0
2024-10-31,7.794723e-24,4.7827167e-25,8.1907445e-22
2023-08-15,3.401205e-28,4.6679644e-20,1.974434e-24
2022-03-05,0.99997807,9.034085e-10,0.9999964
2023-03-04,1.5606236e-05,1.1443626e-07,0.9999999
2021-09-17,5.8411098e-27,9.2690816e-23,8.206365e-26
2019-05-17,5.5898905e-13,0.00052103726,0.9999999
2023-08-05,6.0251273e-26,5.400599e-19,2.0858587e-21
2021-09-06,1.0997788e-28,1.2843527e-24,8.0917716e-21
2024-04-25,0.049615726,0.9999988,1.0
2021-09-02,1.5079174e-28,4.286971e-25,1.5950726e-22
2020-12-10,1.0,0.017181475,0.99998915
2024-04-03,2.4903266e-06,0.99998784,1.0
2021-01-12,0.99999964,0.0067815958,1.0
2020-10-23,2.3468456e-17,2.2620805e-21,1.62005e-21
2024-08-24,1.9710453e-19,3.1101516e-20,5.3149498e-17
2022-02-16,0.9999999,0.9694857,1.0
2024-03-07,5.3792517e-21,7.67785e-19,9.413746e-10
2019-08-22,1.1166132e-26,1.6832959e-19,1.4659015e-20
2024-03-23,1.5621256e-10,4.1489733e-05,1.0
2021-06-24,7.895923e-20,2.5882287e-05,3.5888016e-12
2024-08-03,1.8518733e-26,1.0758781e-19,3.1949957e-17
2024-06-15,2.0263126e-17,1.2746894e-11,2.2823404e-18
2021-12-29,1.0,1.0,1.0
2019-06-03,6.462396e-17,7.030635e-08,7.216114e-11
2021-02-08,0.99725384,4.3532365e-13,0.99999917
2020-05-04,1.9015418e-07,1.0,1.0
2019-03-27,3.9095422e-19,1.2935818e-13,1.0
2024-01-19,1.0,0.99999845,1.0
2019-09-25,3.3679376e-18,8.340878e-18,1.7077845e-25
2021-06-05,1.8679017e-05,0.20389569,0.001902207
2024-10-14,2.1872825e-18,1.6618856e-24,7.908187e-21
2021-12-13,1.0,0.9982383,0.99999297
2022-07-28,2.0283965e-21,2.0763944e-11,2.5984817e-19
2021-10-02,1.7060273e-24,2.565372e-24,6.2009194e-26
2019-11-20,0.99999964,0.0026514072,0.00038295708
2020-10-02,3.267493e-26,5.1239018e-20,3.51754e-17
2019-10-12,2.2858697e-10,1.2570285e-18,9.0482663e-20
2024-12-23,1.0,0.9965804,0.9999422
2023-07-15,2.6628198e-22,4.5245287e-16,3.109289e-18
2024-04-13,0.000103657025,1.0,1.0
2023-12-02,1.0,0.9065541,0.0010729056
2019-06-30,7.9472387e-26,6.180619e-12,9.921685e-24
2024-11-13,1.9431166e-06,3.240187e-14,2.2848528e-07
2023-07-09,4.191499e-25,2.0235784e-13,1.05560124e-17
2023-09-23,1.9187191e-21,3.4229255e-22,1.1220644e-21
2024-01-22,1.0,0.99922156,1.0
2020-08-30,5.58518e-28,1.9454984e-18,1.1862762e-21
2020-03-10,0.0010639274,0.0015576911,0.99999976
2020-12-11,1.0,0.0033335816,0.9999727
2021-04-06,5.8158976e-19,2.2584831e-15,0.9997681
2021-09-09,1.3240024e-29,1.1451391e-20,2.6358357e-22
2023-02-18,0.015104517,0.8658339,1.0
2020-07-30,1.8333207e-22,2.5853567e-15,2.5799181e-15
2019-10-07,1.8981464e-07,2.1205946e-17,1.2629825e-20
2023-07-21,3.30356e-28,8.1484095e-14,1.1742677e-22
2024-12-20,1.0,0.9998472,0.9984091
2020-03-16,2.6466387e-07,0.9990761,1.0
2022-02-24,0.9998617,0.045813363,1.0
2021-02-20,0.9974251,3.907304e-09,0.99999654
2021-07-15,3.406762e-21,2.2175954e-14,8.754233e-21
2021-10-26,1.3134977e-15,2.3998728e-15,8.087367e-19
2024-08-13,9.856257e-27,1.8309562e-17,1.9695805e-18
2022-09-12,1.6791968e-20,2.4277284e-21,1.8135944e-29
2023-01-21,0.9901552,0.6867969,0.9999999
2021-09-23,2.2078286e-26,9.4208185e-26,4.2361785e-21
2021-01-27,0.99999905,9.80275e-08,1.0
2023-11-11,1.17354255e-14,1.1169586e-18,3.3864142e-24
2020-04-04,3.0755485e-12,0.0013606481,1.0
2021-12-06,1.0,0.9895677,0.999941
2024-10-05,3.1796968e-19,9.334014e-23,1.3784897e-21
2020-08-29,4.3880596e-27,8.3651136e-21,3.2471587e-22
2023-05-16,2.8359378e-07,0.99966717,0.9999999
2022-03-18,0.013627154,6.5094045e-17,0.96897304
2024-03-09,2.7929117e-22,1.7289351e-20,7.688788e-05
2021-02-14,0.9999473,7.332712e-08,0.9999999
2021-07-14,3.226754e-18,1.7311753e-13,2.0968843e-21
2020-11-01,2.6957744e-12,1.8298671e-13,1.2828386e-18
2020-12-02,1.0,0.8233173,0.8833389
2021-03-27,1.2010516e-14,1.620034e-14,0.9999994
2020-11-02,4.6249836e-12,2.4607721e-10,1.2148147e-15
2020-08-25,8.264603e-20,3.2538768e-16,3.7385284e-21
2021-06-07,0.010037318,0.99794334,0.13519728
2021-04-26,9.231905e-12,0.02401834,1.0
2022-01-13,0.9999999,0.9999993,1.0
2020-09-15,8.354146e-28,1.2653393e-22,3.9547327e-21
2023-12-12,1.0,0.9976985,0.9975793
2024-12-28,1.0,0.9999634,0.99999964
2019-05-26,3.8230652e-16,3.5957774e-07,0.7774121
2024-09-21,1.9936788e-26,2.6843176e-23,7.814845e-25
2024-10-24,1.407523e-22,1.6328907e-24,4.7474566e-16
2022-01-25,0.9999995,0.9999999,1.0
2022-07-20,1.9211323e-25,6.836595e-17,4.174127e-23
2023-03-17,3.016141e-13,3.4487718e-11,1.0
2020-08-10,1.84119e-16,3.189857e-13,1.7554153e-16
2019-04-10,1.5263519e-18,6.216543e-10,0.9999999
2021-12-19,0.9999989,0.99999976,1.0
2020-08-02,7.4909096e-24,1.0199584e-19,5.3888045e-20
2021-11-01,2.197576e-12,1.5640103e-13,1.3071506e-21
2019-06-15,2.4968804e-24,3.764001e-09,1.3800873e-16
2019-11-17,0.99986804,6.704738e-07,1.885995e-06
2020-07-28,1.6300402e-24,6.922492e-16,9.71954e-17
2020-03-29,4.1437604e-16,5.410865e-06,1.0
2024-11-07,1.3508757e-18,7.4483785e-21,8.1126494e-10
2024-09-30,1.1685501e-26,5.4880394e-24,1.00068866e-19
2021-08-10,5.6465224e-32,1.5471934e-24,3.304319e-19
2024-07-19,7.407747e-28,1.5712223e-24,3.361757e-22
2021-05-15,6.0287794e-06,0.99999964,1.0
2019-12-09,0.9999871,0.9958475,0.9999993
2021-12-24,0.9999999,0.99999785,1.0
2019-10-16,8.988919e-13,2.2270537e-20,1.4335031e-18
2021-10-10,1.7376032e-20,1.4380489e-18,2.09434e-23
2024-04-22,2.1116168e-05,0.99999094,1.0
2021-01-11,0.99999285,2.593773e-06,1.0
2022-03-04,0.99880314,3.715113e-10,0.99999833
2024-06-23,3.3753829e-19,1.968338e-06,1.2966601e-16
2020-12-21,1.0,0.7754478,1.0
2021-06-10,7.075869e-06,0.6016818,0.10326173
2021-12-02,1.0,0.9994795,0.99897003
2023-10-20,7.750176e-20,7.2069916e-23,4.2440815e-24
2020-03-01,0.21911126,1.8294992e-05,1.0
2024-10-22,1.1755676e-22,3.431484e-25,4.418295e-19
2020-11-07,0.63078064,3.2342694e-08,1.28043975e-08
2020-04-01,2.0231838e-10,6.4042007e-07,1.0
2019-09-14,6.8214805e-26,6.7680627e-25,1.8092339e-22
2020-02-01,0.00521917,0.99984825,1.0
2024-03-19,9.121636e-12,0.050589535,0.9999999
2020-11-05,0.0013470261,4.0640404e-07,8.997387e-14
2024-10-08,1.9514948e-20,1.2586656e-24,1.81959e-20
2024-06-04,4.5969308e-11,0.7716143,0.089988135
2022-04-12,2.743908e-06,0.99999654,1.0
2021-04-09,4.0738546e-17,1.7172233e-07,0.99769324
2021-07-28,1.6929025e-28,5.201569e-22,2.720719e-23
2021-10-25,1.0684722e-17,1.0922623e-19,6.4877155e-24
2021-02-05,0.98245656,3.996544e-10,0.9990208
2023-01-24,0.8487678,0.7551514,0.9999999
2021-10-01,3.3105213e-22,2.2171919e-23,2.5784167e-27
2024-10-10,1.6112075e-19,3.5131504e-27,1.6694877e-21
2020-06-10,2.832349e-09,0.9999877,0.0012962902
2023-07-14,6.4857755e-27,6.213966e-19,1.3545942e-21
2022-01-06,1.0,0.99999905,1.0
2021-11-18,1.0,8.793446e-05,2.1209671e-05
2023-11-16,5.209604e-07,5.546511e-15,5.0162983e-18
2020-01-05,1.0,1.0,1.0
2020-05-30,8.791391e-11,0.99550205,0.00030576374
2024-02-09,0.009122887,7.470208e-07,1.0
2022-07-26,1.028212e-21,5.2548135e-13,1.0657566e-18
2021-11-21,1.0,0.05188167,0.0001769171
2021-06-01,3.3411824e-09,0.9985833,0.0019095179
2023-03-28,1.7049668e-09,8.915696e-10,1.0
2021-04-21,1.7884682e-08,0.9947783,1.0
2022-11-29,0.9999399,1.0551717e-05,1.1214834e-05
2023-10-26,1.0510441e-18,2.095572e-22,3.9420036e-22
2021-01-22,0.99999917,0.0006015257,1.0
2022-07-22,2.604573e-28,3.3586375e-17,5.4009853e-21
2022-12-25,1.0,9.0344355e-07,0.9999999
2021-04-11,5.753214e-17,4.829906e-07,1.0
2021-01-09,0.999997,3.548285e-05,1.0
2024-03-04,3.3133022e-21,6.185977e-22,4.7210006e-07
2023-12-30,1.0,0.99990964,0.999676
2019-04-25,1.858656e-08,0.9999399,1.0
2020-08-28,3.1472086e-28,1.4121449e-19,2.6750167e-22
2024-01-06,1.0,0.99923015,1.0
2022-05-31,6.8263962e-12,0.9999999,0.8908781
2021-03-31,9.902174e-24,1.7226639e-13,0.9995739
2021-06-12,4.8452193e-13,1.07730344e-07,2.6112041e-09
2020-10-29,1.8566317e-13,1.836226e-10,2.0129708e-15
2021-11-09,2.1658133e-09,1.1478806e-10,7.15799e-19
2024-04-11,7.5821927e-06,0.99999917,1.0
2022-05-23,5.866999e-17,0.9977125,0.0005202978
2023-10-17,6.276478e-19,8.387217e-23,2.7437767e-21
2020-11-06,0.9861311,9.187844e-09,1.2956608e-09
2021-02-18,0.9996594,1.3275724e-11,1.0
2022-04-13,3.5472414e-08,1.0,1.0
2021-12-23,0.9999999,0.9999989,1.0
2019-07-07,4.3871862e-21,9.901319e-10,8.280078e-17
2019-05-22,8.4943325e-10,3.7046625e-06,1.0
2020-02-12,0.99857116,0.99908996,1.0
2021-06-17,3.5321337e-22,3.4258811e-09,1.4529004e-15
2024-05-12,2.2281115e-09,0.9912322,0.0013855405
2022-06-14,7.9360905e-26,2.2322127e-12,7.799654e-18
2019-10-01,1.3190757e-16,2.2787983e-19,2.8323708e-24
2023-06-11,1.1046047e-22,0.0003672104,2.024119e-09
2020-07-14,1.7572392e-22,5.7777344e-14,2.3004827e-14
2024-06-29,1.0231429e-25,2.4915598e-18,5.5765505e-23
2019-06-25,8.1800796e-26,3.7603233e-11,8.84888e-21
2023-05-27,8.870762e-06,0.9999926,0.0065600593
2023-11-04,7.2068397e-12,1.4492869e-21,1.1320525e-20
2022-12-19,1.0,0.015269457,0.9999993
2019-05-06,7.262539e-07,1.0,1.0
2023-08-25,4.6662768e-26,2.0602804e-17,2.8371373e-18
2024-04-05,2.005352e-08,0.99999714,1.0
2021-11-12,0.97356457,2.7972555e-07,4.1280074e-12
2021-10-17,4.656163e-17,3.5383964e-19,2.9918111e-22
2020-04-21,2.149767e-06,1.0,1.0
2022-06-16,4.417264e-28,2.1064942e-16,2.9042078e-18
2019-04-01,9.421008e-24,3.8537114e-16,0.99977845
2022-12-06,1.0,1.5518186e-06,0.0069172815
2024-11-11,2.8750452e-15,8.3380704e-20,1.8220937e-09
2022-07-05,3.7005973e-23,1.0781507e-18,1.1372528e-24
2020-09-24,4.9178066e-27,2.8157105e-20,7.947346e-22
2022-03-20,6.0302955e-05,1.4597448e-15,0.64366364
2024-04-09,0.00031276338,0.99999976,1.0
2019-12-10,1.0,0.99999976,0.9999999
2022-03-02,0.9957573,3.3208833e-09,0.9999993
2020-07-20,4.5028492e-24,8.545845e-18,1.706374e-22
2022-11-05,1.8948776e-06,8.843588e-07,1.0944182e-12
2024-09-03,1.2295187e-23,5.748626e-18,9.729287e-19
2020-11-14,0.89430267,3.77435e-11,2.891762e-09
2021-07-11,3.4669262e-20,1.0452472e-13,1.4883069e-17
2020-07-07,3.604444e-26,1.4132874e-19,5.233873e-22
2021-07-01,3.429057e-21,1.6945694e-06,1.0254953e-10
2020-03-31,2.3031317e-09,0.00034666844,1.0
2021-02-15,0.99999976,1.3881681e-09,1.0
2024-11-22,0.99970835,0.00042099255,0.000561085
2020-12-01,1.0,0.013960147,0.06266048
2022-01-21,1.0,0.9999994,1.0
2022-05-30,9.6092886e-14,0.9988054,2.9512927e-05
2022-08-31,4.141294e-24,1.4126852e-17,1.5761443e-25
2021-10-05,2.6917044e-20,3.485358e-20,1.6482475e-25
2024-10-16,3.67111e-17,3.504282e-24,6.5932933e-19
2019-11-27,0.9999999,0.09458946,0.98653305
2024-09-02,3.569571e-23,6.423605e-19,3.550256e-18
2023-03-07,2.0288935e-06,1.4718646e-07,0.9999999
2021-08-06,2.731367e-31,5.8176137e-24,1.9768026e-22
2023-08-13,3.828398e-28,2.8224305e-21,7.3805744e-23
2024-09-27,7.4564045e-26,8.4621975e-22,5.0764668e-21
2023-05-23,5.184285e-11,0.9999758,0.9995443
2024-01-14,1.0,0.99999917,1.0
2023-12-27,1.0,0.99990916,0.99998987
2021-04-25,2.3560123e-10,0.99959093,1.0
2021-05-11,6.506023e-05,0.99999964,1.0
2023-03-30,5.7305555e-13,3.1689552e-08,1.0
2021-01-26,1.0,0.00021960428,1.0
2023-06-26,1.7857474e-24,3.868073e-15,6.044374e-18
2021-03-22,3.4995395e-09,1.6066982e-13,1.0
2020-04-05,1.8381503e-17,5.9537786e-05,1.0
2021-07-20,6.063951e-28,7.1435215e-22,3.1430006e-26
2024-07-04,1.6516889e-27,9.184828e-21,1.1180593e-24
2024-05-04,1.007626e-11,1.0,0.9998697
2023-09-14,9.657787e-31,1.8925907e-16,7.679863e-21
2023-09-24,2.8644958e-20,5.2433775e-25,1.3244977e-21
2023-08-09,1.6322663e-26,1.2816774e-21,1.1206015e-21
2022-08-23,9.944382e-24,6.259986e-17,1.10502145e-23
2023-03-11,0.00047813612,1.1048149e-05,1.0
2024-04-24,0.12727576,0.9999988,1.0
2020-02-06,0.9994355,0.9978948,1.0
2022-09-08,2.168646e-19,2.0977427e-19,1.3707217e-24
2022-11-20,0.9999945,0.00018830074,3.5830874e-10
2023-11-05,8.8556176e-17,3.6094163e-23,3.473464e-21
2019-11-10,0.9936572,3.773765e-08,2.975871e-10
2019-11-11,0.99997354,2.7829727e-05,2.8458608e-05
2021-11-07,5.3873496e-11,5.7373523e-15,2.4508436e-20
2021-04-24,6.065157e-12,0.19980127,1.0
2020-01-23,0.99950194,1.0,1.0
2024-05-31,2.0619201e-13,0.96748716,2.0519288e-08
2023-11-21,0.034773655,9.097133e-06,3.6905187e-15
2021-05-23,0.035270147,0.99994063,0.9999999
2020-11-09,0.019978093,3.699405e-08,1.0182855e-14
2019-05-12,8.523485e-09,0.970852,1.0
2020-09-20,8.557592e-25,7.828762e-22,6.16779e-21
2019-07-24,2.0120018e-24,1.712827e-07,1.3108269e-12
2022-12-01,1.0,1.5776905e-05,0.0015643174
2023-04-22,1.897351e-12,0.9999826,1.0
2024-05-30,3.3643778e-12,0.9993492,0.007931612
2021-02-03,0.9999869,3.3429848e-10,0.99999976
2021-12-15,0.99999404,0.99998295,0.9999957
2020-10-26,2.1573772e-17,1.5538953e-16,5.152443e-19
2021-06-26,2.378647e-14,4.6649257e-05,3.789198e-13
2024-10-01,2.3893643e-18,4.5771796e-24,6.6257324e-22
2023-12-19,1.0,0.9996458,0.9949064
2020-01-31,0.91265994,0.99998987,1.0
2020-09-08,2.2412311e-31,2.6156103e-24,3.772427e-19
2019-06-19,4.22424e-27,2.9178794e-13,9.876542e-20
2023-10-06,1.156075e-23,1.1487681e-24,8.943608e-26
2022-03-30,5.1900468e-17,5.758088e-17,0.9999939
2021-06-25,1.521653e-20,0.00025523725,1.1938499e-11
2020-11-27,1.0,3.5385085e-06,0.870448
2022-04-17,1.4586496e-07,1.0,1.0
2023-01-28,0.9913993,0.023738045,0.9999989
2021-05-20,4.3226726e-05,0.9999931,1.0
2021-11-16,0.9999989,9.375816e-09,4.7160243e-06
2022-08-05,7.6504646e-24,2.914677e-12,2.740169e-13
2020-09-11,2.800113e-29,1.05759955e-26,2.4055392e-21
2020-08-22,3.259747e-20,3.8268443e-16,1.7344518e-19
2021-11-23,1.0,0.13599943,0.017837843
2023-05-17,5.9848076e-06,0.9999999,0.99999976
2021-08-24,2.4059202e-17,1.8484165e-17,9.877375e-19
2020-11-13,0.77957577,4.2582075e-12,1.0424191e-11
2022-08-08,1.0553116e-24,6.568738e-20,3.5173127e-24
2024-11-18,0.99996364,7.954552e-06,6.034569e-05
2022-08-13,9.924438e-26,5.6522154e-16,2.1281685e-20
2022-12-23,1.0,0.0012841687,0.9999316
2019-11-22,0.9999982,6.6017374e-06,0.16497497
2020-05-29,2.4074113e-14,0.9894029,0.010644575
2022-12-22,1.0,0.08656402,0.999905
2022-07-25,2.1236552e-24,3.745404e-12,1.6066419e-18
2021-03-28,7.054952e-11,3.2281611e-16,0.99998975
2022-03-26,7.130406e-20,1.7093605e-19,0.9655386
2023-05-06,0.00017692639,0.9999993,1.0
2020-04-15,1.8085764e-09,1.0,1.0
2022-04-20,2.447435e-11,0.9996996,1.0
2021-12-25,1.0,1.0,1.0
2021-02-02,0.9999969,2.7773506e-08,1.0
2020-06-04,4.448562e-14,0.9994778,1.0768698e-05
2022-11-24,1.0,0.001206592,4.5447342e-07
2022-06-21,4.9329987e-23,2.9671548e-17,6.0397844e-19
2020-11-04,9.9568955e-05,5.826839e-06,1.2106886e-14
2022-09-18,2.983369e-20,2.186737e-21,3.989693e-27
2021-06-29,3.84114e-20,0.018343722,1.2803443e-12
2019-11-02,0.00010621635,4.9031192e-09,2.8156736e-16
2020-01-25,0.99987924,0.99999976,1.0
2024-04-21,0.034314707,0.99999845,1.0
2020-02-24,0.9952428,0.0011986671,1.0
2024-01-10,1.0,0.99856085,1.0
2021-01-28,0.9999995,3.4967726e-07,1.0
2024-10-15,2.9165644e-18,4.182664e-26,2.0231186e-21
2020-07-17,1.9121057e-22,1.4467867e-18,3.8310664e-23
2023-06-16,3.597039e-27,8.148044e-12,5.141194e-11
2019-12-14,0.9999995,0.99999833,1.0
2019-12-30,0.9999994,1.0,1.0
2019-05-05,5.1351625e-09,0.9605085,1.0
2019-07-02,9.2266165e-21,7.8426385e-09,1.2388544e-16
2021-07-24,2.4494806e-26,1.0470671e-24,3.9199563e-24
2019-10-09,5.868374e-07,2.3273125e-17,2.543648e-19
2023-01-15,0.99999857,1.4527924e-07,0.99996626
2022-12-24,1.0,4.7600153e-08,0.9998758
2023-06-17,3.4240602e-23,8.552704e-12,4.4988777e-19
2023-05-30,0.0020434977,0.9999999,0.97381747
2021-12-31,1.0,0.9999999,1.0
2020-06-15,1.1741403e-18,0.0013904659,4.6522226e-09
2024-04-04,7.724485e-06,0.9999999,1.0
2022-05-21,3.4213975e-15,0.0005772634,0.00016821976
2022-11-09,6.332466e-05,7.94187e-07,1.5333264e-10
2020-07-04,4.156012e-24,7.159008e-13,8.4922203e-19
2024-07-10,2.1334942e-26,4.9364293e-21,5.5259904e-20
2023-03-08,0.006335565,2.0708601e-05,1.0
2020-11-20,0.9999875,5.8398403e-08,0.014676999
2019-06-08,1.4236257e-22,3.0203193e-10,3.0493048e-08
2024-06-05,1.6064744e-13,0.0022212616,4.2958248e-11
2022-09-26,1.6660411e-19,3.4273161e-22,2.9032291e-28
2022-07-09,6.479077e-26,3.4722617e-19,1.4790713e-23
2022-08-25,3.125437e-26,2.635722e-17,2.1298869e-23
2024-05-20,4.3354905e-08,0.0012498333,1.3267033e-05
2022-04-01,2.6842802e-13,9.0365486e-14,1.0
2020-10-13,2.0604555e-15,2.8867088e-20,9.095265e-19
2022-07-29,1.0446151e-21,5.281023e-11,2.162277e-19
2020-07-18,1.3851939e-22,1.0090957e-18,1.1666384e-20
2024-02-24,3.3454676e-24,3.3571226e-19,1.1213449e-07
2024-07-11,3.2080227e-27,3.0110014e-21,6.087706e-21
2022-05-19,2.52105e-14,0.99856275,0.08407086
2023-01-19,0.99998045,0.66555667,1.0
2020-05-25,3.8100738e-11,1.0,0.9930385
2019-06-16,5.4495944e-23,1.2714987e-11,1.1431217e-14
2020-04-30,1.5043115e-10,1.0,0.9999999
2023-11-25,0.99999833,1.6168893e-06,1.16755416e-07
2022-06-05,1.8142974e-17,0.99623424,5.4453726e-09
2023-05-25,5.238729e-07,0.9999398,0.999974
2023-09-02,5.899661e-22,7.61005e-20,7.462635e-19
2019-09-17,1.0903394e-18,1.7444013e-23,3.9462354e-20
2019-08-15,4.3781036e-23,1.0712245e-14,1.2439243e-19
2019-04-05,8.6968535e-20,8.162133e-13,0.9999993
2023-03-09,0.030198663,7.3023976e-08,1.0
2020-12-26,1.0,0.8787587,1.0
2024-12-13,1.0,0.9999913,0.9999745
2019-04-06,5.7778824e-20,8.85109e-14,0.9999988
2024-11-24,1.0,0.9593859,0.6151637
2021-04-01,2.8610076e-23,3.8524346e-15,0.99639374
2022-01-07,1.0,0.9999999,1.0
2021-10-12,1.7185015e-18,8.354016e-21,1.1682042e-23
2021-08-13,1.0960335e-30,1.0340961e-22,1.08117256e-20
2024-07-03,3.7570024e-27,2.4038445e-19,1.8317918e-20
2023-01-29,0.98180515,0.99999607,0.9999994
2019-06-05,1.8718314e-18,7.647427e-06,2.6071344e-08
2020-03-05,0.89420474,9.167158e-08,1.0
2024-06-12,1.6421958e-12,0.0048507606,1.6132166e-14
2024-08-07,3.3177224e-25,1.7642617e-18,3.2603272e-15
2021-03-09,0.9179413,8.496851e-07,1.0
2022-01-15,1.0,1.0,1.0
2020-06-23,3.43796e-23,1.3538318e-14,2.2671732e-17
2023-12-11,1.0,0.951852,0.03577554
2022-02-11,0.99999976,0.9999937,1.0
2023-12-09,1.0,0.9998147,0.95230305
2019-09-08,1.6763031e-21,5.11026e-19,4.191533e-24
2024-07-28,1.5074508e-29,1.4412485e-21,7.648871e-21
2020-08-06,5.848939e-26,5.3764494e-18,1.0077016e-21
2021-05-17,0.014774852,0.9999546,1.0
2023-05-31,0.6647223,1.0,0.7837318
2022-11-19,0.9999523,0.00032313197,2.6584845e-08
2024-02-08,0.38772246,2.4933552e-08,1.0
2024-03-06,3.835062e-21,8.9020066e-20,9.1473905e-11
2023-11-07,6.4934433e-14,1.0143569e-24,1.906885e-20
2022-04-08,4.5411612e-09,2.2870487e-05,1.0
2020-12-24,0.9999999,0.94570035,1.0
2019-09-22,3.7105246e-21,9.6287014e-21,3.7894474e-26
2022-07-21,6.0955528e-31,1.3684277e-17,1.461106e-20
2020-02-10,0.9993777,0.9998976,1.0
2020-10-15,2.3316952e-23,8.323043e-19,9.339661e-19
2019-10-18,1.4463863e-15,2.8591046e-19,2.6434686e-22
2021-10-31,1.2748315e-13,4.0719237e-19,1.1158022e-22
2019-12-21,0.99998856,0.99999857,1.0
2022-11-23,1.0,2.0847106e-05,0.0018239937
2023-10-31,7.18993e-18,1.2141161e-21,9.774391e-23
2021-05-27,0.0007805888,0.23596321,0.9999994
2019-11-13,0.99999964,2.209426e-06,4.6146837e-07
2021-11-15,0.9994248,5.364868e-09,6.933685e-07
2020-03-27,6.0064276e-10,0.00073205563,1.0
2022-05-06,1.8882607e-06,1.0,1.0
2023-09-19,7.9584324e-19,5.8703905e-21,7.361971e-20
2024-05-02,5.5022665e-06,1.0,1.0
2020-10-24,5.984222e-17,2.5646867e-13,7.3650647e-19
2023-12-07,1.0,0.8575059,0.84590816
2022-08-22,2.8571576e-23,7.0330304e-17,5.8036906e-25
2024-05-21,2.3973868e-13,0.0011508951,5.7013035e-06
2023-06-27,1.4527254e-27,1.0765396e-18,2.2521722e-19
2024-09-13,1.6544748e-21,4.0547844e-17,4.6639955e-20
2022-12-03,1.0,0.0016298706,0.00067431165
2023-08-23,1.0069754e-21,7.1367883e-16,4.7436577e-15
2020-04-17,1.5772996e-07,1.0,1.0
2024-12-07,1.0,0.99766123,0.7658051
2024-03-26,3.3579575e-10,0.11057577,1.0
2021-08-01,6.707844e-24,9.580465e-25,1.4395334e-22
2019-04-15,4.279987e-13,0.00046076506,1.0
2022-03-28,1.0760562e-16,6.6626457e-19,0.9999331
2020-09-02,8.684382e-29,4.3392675e-21,5.5471503e-21
2024-11-17,0.003026134,4.9741157e-12,5.282248e-06
2024-02-26,2.9044925e-20,7.588963e-23,3.6860557e-09
2024-05-16,8.225738e-10,0.011195869,0.33498365
2024-04-10,8.2590705e-06,1.0,1.0
2023-05-13,0.000126256,0.99999976,1.0
2019-11-29,0.99999964,0.9997856,0.9778967
2020-01-03,0.99999917,0.9999999,1.0
2023-01-05,0.9999999,1.532325e-08,0.58407426
2021-09-01,2.7475172e-20,5.6782117e-24,2.9852147e-19
2022-08-11,1.5490308e-23,2.3613585e-16,2.1691888e-22
2023-02-15,0.53028613,0.090125054,1.0
2020-05-23,3.0235973e-11,1.0,0.9998789
2022-02-25,0.9999995,0.041202214,1.0
2022-07-18,1.0726655e-26,1.4469793e-19,2.5084825e-22
2024-12-14,1.0,0.9999007,0.6710766
2022-08-12,2.4174035e-23,1.7762972e-16,8.256442e-20
2023-04-05,2.5408287e-17,1.1226172e-09,1.0
2020-05-16,7.0966694e-06,1.0,0.9982845
2022-03-29,7.820773e-12,1.1237122e-12,1.0
2020-09-29,2.6764253e-22,7.565937e-20,2.5470784e-17
2019-10-28,6.8988913e-07,2.8606156e-15,1.2385649e-18
2021-01-01,1.0,0.0005759312,1.0
2024-03-01,2.537782e-21,3.120086e-20,4.8476163e-06
2020-03-21,3.1883783e-07,0.9999838,1.0
2022-08-24,9.2720825e-24,4.213429e-14,7.064574e-24
2020-10-01,9.877011e-24,1.0734172e-21,5.617826e-22
2022-02-05,1.0,0.99998045,1.0
2019-10-13,9.62904e-12,6.507561e-19,8.339948e-20
2022-05-11,2.5363928e-10,0.9999962,0.9999994
2024-03-27,6.6478787e-09,0.12895387,1.0
2022-07-23,5.610781e-29,1.486833e-15,7.639723e-19
2020-10-16,6.316973e-20,7.4498316e-20,8.5279406e-24
2022-05-01,5.7391397e-10,1.0,1.0
2019-11-09,0.64568394,3.021623e-09,1.5218713e-08
2022-06-22,1.2562583e-23,3.3130166e-18,3.9160444e-22
2020-10-05,1.651978e-20,2.083958e-21,2.7820984e-21
2019-03-31,2.6458998e-22,3.7006814e-16,0.9999505
2021-10-27,1.2691319e-18,4.921172e-17,6.8716955e-21
2023-02-21,7.708109e-07,0.0005959163,0.9999999
2020-04-26,4.8421875e-06,1.0,1.0
2023-12-22,1.0,0.9999783,0.9995901
2022-09-23,7.1829635e-19,9.241462e-25,3.0205525e-27
2019-09-19,9.4303564e-24,3.8229348e-23,7.98014e-26
2023-07-26,2.7780396e-19,5.9555627e-09,2.8202868e-15
2024-08-23,1.8519283e-20,5.1181756e-21,9.085214e-18
2021-12-17,1.0,0.9999999,1.0
2019-05-31,2.73524e-20,6.333551e-07,6.5589343e-09
2019-04-11,1.7379811e-20,1.3002768e-11,1.0
2024-12-21,1.0,0.9998305,0.99999297
2021-05-29,1.377691e-07,0.3884535,0.8069697
2020-07-11,4.956447e-22,1.2026642e-16,6.654292e-18
2020-12-05,1.0,0.032288145,0.99149936
2022-09-24,9.7971776e-20,8.4744645e-24,2.4106656e-28
2023-02-26,0.0028020542,0.00015304754,1.0
2019-04-24,0.011185834,1.0,1.0
2023-05-21,3.9649943e-11,0.99999464,0.99999976
2021-02-24,0.9995659,2.9643172e-06,1.0
2021-10-28,1.4035604e-15,1.254562e-17,1.195054e-24
2020-04-20,1.9181306e-07,1.0,1.0
2022-09-15,8.0786867e-23,1.4496739e-21,4.408252e-23
2024-05-14,1.6119042e-09,0.99864453,0.9076555
2024-07-27,1.0516628e-31,2.858939e-20,3.460861e-20
2022-04-30,6.6609726e-07,0.9999993,1.0
2024-09-12,7.5640363e-19,9.066172e-18,3.0412535e-16
2023-11-10,8.9849325e-15,1.53885e-20,7.7393806e-23
2024-11-03,1.4170394e-19,4.8022676e-22,6.4083113e-18
2021-01-06,1.0,0.0067821736,1.0
2021-10-16,1.32676586e-17,1.1550466e-18,4.2287148e-23
2020-09-27,7.03125e-20,1.9044015e-17,2.2218668e-22
2020-03-28,2.8674169e-11,0.9861857,1.0
2019-06-14,1.4730907e-24,5.339543e-12,8.599904e-18
2020-02-07,0.99984705,0.99890125,1.0
2023-03-24,1.3319043e-15,1.0982444e-09,1.0
2019-03-28,4.3461057e-15,2.0759732e-16,0.99999976
2023-10-12,4.023066e-22,4.204264e-24,6.928272e-25
2024-11-30,1.0,0.9950584,0.9899244
2023-08-04,4.0102423e-29,1.3473136e-19,2.8278609e-22
2024-03-31,1.3203296e-08,0.9997154,1.0
2022-01-23,0.99999964,0.99999964,1.0
2024-01-23,1.0,0.9997693,1.0
2020-10-21,2.5127533e-15,1.7717865e-20,2.211678e-21
2023-05-11,0.00021315523,0.99925107,1.0
2022-01-03,1.0,1.0,1.0
2019-08-31,2.3676116e-29,1.8940168e-20,6.527472e-20
2022-11-18,0.9999888,0.0009336513,1.0050106e-05
2024-01-27,1.0,0.9653547,1.0
2022-05-22,1.05184737e-16,0.9964103,0.41169652
2020-10-08,1.2602237e-22,2.0612914e-20,2.2111453e-22
2023-09-28,1.3037422e-17,2.576258e-24,1.5841197e-24
2022-11-13,0.9987483,0.0009914312,1.2305224e-09
2020-09-17,1.336803e-27,2.2566582e-22,2.996128e-22
2022-05-28,4.5892554e-19,0.158873,0.093301535
2021-08-23,3.9278995e-19,1.429626e-14,1.194333e-18
2021-02-25,0.999977,2.46199e-05,1.0
2021-01-20,0.9999987,0.0007709967,1.0
2023-04-04,2.8707837e-14,2.0901207e-09,1.0
2024-10-19,8.44358e-25,8.605066e-23,2.1834752e-16
2019-07-01,5.3193e-21,1.7474752e-08,7.78222e-15
2023-12-23,1.0,0.9999982,0.9993918
2022-08-20,3.431162e-22,1.09690245e-13,6.358904e-25
2021-08-02,2.8790775e-27,2.9568733e-24,1.9701306e-24
2023-04-20,9.862011e-12,0.9998173,1.0
2019-10-04,9.799627e-16,1.9023665e-19,4.8764484e-19
2023-09-25,8.956928e-25,1.6143049e-23,4.5090303e-27
2024-03-22,7.033934e-12,0.9307649,0.9999999
2020-07-12,4.8608095e-27,3.560513e-16,7.9056137e-16
2021-07-09,3.872068e-18,5.0273716e-14,6.944971e-17
2019-10-25,2.7701673e-11,1.6525361e-16,2.9125462e-21
2022-09-09,7.6565285e-19,1.0145126e-22,2.0328551e-24
2020-12-13,1.0,0.5834444,0.99999964
2022-11-06,2.4371255e-08,7.534831e-07,8.429196e-17
2021-08-12,5.3042555e-32,1.2977398e-22,7.061099e-16
2021-07-13,2.8922422e-20,1.8421253e-15,3.13537e-20
2023-09-05,2.2721672e-26,4.77029e-25,1.4944347e-24
2023-04-23,2.996342e-09,0.9999999,1.0
2024-04-30,1.05552196e-07,1.0,1.0
2020-06-27,1.3289492e-17,7.215753e-08,1.2514347e-19
2024-08-28,2.7003749e-27,2.5611864e-17,1.1272322e-17
2021-06-15,7.1935746e-19,2.1861055e-07,1.6766396e-09
2022-01-31,1.0,0.99999666,1.0
2024-06-18,4.2189753e-19,9.2347456e-11,2.277698e-16
2022-07-12,3.6655902e-28,2.139837e-17,7.281033e-20
2023-06-06,4.454603e-31,4.7557684e-08,8.2124e-13
2021-05-02,2.7895057e-06,0.99999905,1.0
2019-04-30,4.2810594e-08,0.99999785,1.0
2020-01-04,0.9999906,1.0,1.0
2019-09-10,3.9921827e-23,1.5793103e-17,8.786103e-24
2020-06-03,1.9939825e-19,0.0001781593,2.9896145e-11
2019-10-17,1.8487102e-12,2.2298663e-21,3.141007e-21
2024-10-17,1.19215604e-20,9.0002983e-23,2.3132253e-21
2020-11-03,3.7002133e-07,6.8846005e-11,1.6296824e-13
2020-10-14,1.4738956e-15,1.0725611e-15,2.203168e-18
2024-06-19,1.032571e-21,1.1448541e-14,3.3831283e-20
2023-04-14,1.2708313e-12,0.107475705,1.0
2023-07-04,4.2034942e-24,4.5655304e-13,1.2249374e-20
2023-01-20,0.99999166,0.006659496,0.9999721
2019-07-06,4.386567e-21,5.382802e-10,1.8566069e-17
2023-01-23,0.98811555,6.232531e-05,0.9999968
2019-07-17,1.6106543e-19,3.357829e-14,1.7277554e-27
2022-07-03,3.6707032e-25,9.09409e-18,1.02048175e-23
2022-05-15,3.8801365e-13,0.99999905,0.9532377
2023-07-24,1.2283542e-26,8.3428566e-13,4.7711144e-23
2020-09-21,3.7865802e-29,8.7460453e-23,1.7180016e-20
2021-01-02,1.0,0.18035409,1.0
2023-10-28,1.4316715e-19,2.6762288e-24,7.7230417e-23
2019-12-12,1.0,0.9999993,0.9999999
2019-10-31,3.6235613e-07,1.8881694e-13,1.6353642e-18
2020-09-05,5.314816e-29,5.8664695e-22,2.174567e-21
2021-01-19,0.9999975,0.00060599454,1.0
2024-11-28,1.0,0.9420645,0.04266973
2021-07-19,5.598496e-26,1.1321987e-21,6.935313e-23
2023-01-10,1.0,7.1685463e-06,0.99999964
2020-10-25,2.0451073e-15,5.8156594e-17,3.411326e-21
2023-08-07,3.3458326e-27,7.927332e-22,2.8716137e-23
2023-11-02,1.4441445e-12,1.0876376e-21,7.2757775e-22
2020-09-09,4.370329e-30,1.3216995e-24,6.239544e-20
2021-08-27,3.5979872e-26,7.7713275e-24,1.0976369e-21
2020-12-31,1.0,0.000450389,1.0
2021-11-08,2.3609396e-06,1.011795e-12,1.4366797e-16
2022-07-24,6.889294e-25,5.5772247e-14,1.03181564e-20
2024-06-03,7.81855e-08,0.91397303,0.00015967681
2021-08-29,1.0378843e-25,1.454054e-22,1.548245e-23
2024-09-20,6.5226802e-24,6.415461e-23,1.8033167e-20
2024-01-18,1.0,0.9999938,0.9999999
2023-04-30,9.804751e-08,0.99999166,1.0
2022-04-19,1.3137372e-09,1.0,1.0
2023-01-06,1.0,0.9032937,0.99999905
2023-06-22,2.862226e-26,9.0481855e-15,1.1711795e-17
2021-05-06,2.3754162e-06,0.9999999,1.0
2024-10-04,3.722955e-23,8.583092e-25,2.1652062e-20
2021-05-21,0.3162449,0.9999856,1.0
2023-03-15,2.3932567e-05,9.394685e-07,1.0
2024-03-08,2.5634657e-23,1.866332e-20,6.7925106e-07
2021-10-03,2.0475055e-21,1.00147993e-25,5.0280598e-26
2021-07-30,9.062313e-30,9.755198e-25,1.6632764e-22
2019-09-04,1.3860204e-27,9.437639e-21,1.0861859e-22
2021-06-03,1.5084697e-07,0.97486556,0.00014037192
2021-12-01,1.0,0.9996351,0.9999441
2024-09-14,2.0483766e-17,3.4791978e-18,1.937276e-20
2022-06-02,5.4520576e-12,1.0,0.0004883661
2024-09-10,4.8803974e-25,6.146177e-15,1.8673177e-17
2021-01-30,0.9999999,1.8545857e-06,1.0
2021-11-10,0.00053241604,2.2773707e-10,4.715191e-14
2023-04-28,5.5904854e-07,1.0,1.0
2019-05-09,1.2529769e-07,0.99992585,1.0
2019-04-29,3.164359e-08,0.99994195,1.0
2023-05-08,5.9432195e-06,0.99978155,1.0
2019-08-18,1.1040589e-19,4.1214396e-15,1.2928662e-17
2019-04-21,3.3384552e-07,0.99999774,1.0
2021-06-16,1.3444251e-16,6.672677e-05,1.1277776e-11
2019-06-10,3.316605e-20,5.2101727e-09,1.6489872e-13
2024-06-10,1.3125135e-19,2.9812027e-06,5.42072e-13
2022-08-27,1.01699254e-22,1.1337348e-18,8.091138e-25
2024-05-10,4.7595395e-06,0.9999962,0.99997437
2022-09-04,4.8298596e-23,9.3024997e-20,6.081612e-25
2023-08-06,2.3085001e-29,7.935691e-20,4.2219815e-21
2022-08-06,4.671055e-24,1.0165002e-14,1.5944545e-19
2024-06-28,5.4443285e-26,3.6991165e-15,1.5362787e-23
2024-09-24,8.818967e-26,3.2039548e-24,7.8985656e-22
2022-09-25,5.312866e-23,5.3117514e-23,3.5679166e-27
2020-02-15,0.9971988,0.9943763,1.0
2023-02-05,0.99999094,0.9999546,1.0
2022-05-05,6.771449e-09,1.0,1.0
2022-09-11,1.1312895e-18,1.2879633e-17,1.1593351e-29
2022-06-28,8.3308216e-20,6.377153e-16,1.944249e-21
2020-11-15,0.99992895,1.1007815e-10,2.274039e-12
2020-02-26,0.9999989,0.002555133,1.0
2021-09-25,7.626509e-25,4.976199e-25,5.183655e-25
2020-05-15,3.5971128e-09,0.9999999,0.99997246
2023-08-24,5.1709855e-21,2.1560114e-17,7.910506e-22
2022-02-08,0.9999881,0.9998161,1.0
2023-09-11,1.0605308e-22,2.0816807e-18,1.343253e-21
2019-11-07,0.00025077208,7.83364e-07,1.5424699e-13
2021-09-14,1.3498907e-27,2.9808662e-20,6.8157094e-25
2022-01-24,1.0,0.9999981,1.0
2021-07-22,1.1822368e-22,5.5414733e-24,1.212591e-17
2022-03-14,2.8249072e-14,6.735197e-18,0.99827325
2024-06-26,6.9347727e-26,1.384083e-17,1.05088964e-22
2019-06-02,1.8923438e-25,4.3797735e-12,5.197427e-13
2021-09-13,4.5081382e-26,2.1819443e-22,3.200704e-25
2023-03-31,1.4043048e-15,3.1360362e-11,1.0
2023-12-04,0.9999987,0.97664976,0.0008263577
2024-06-21,9.707352e-24,5.5363414e-12,5.546627e-19
2024-03-25,7.2037687e-10,1.0665773e-06,1.0
2019-11-15,0.97631377,6.915493e-05,1.5709362e-07
2021-04-08,2.2229482e-18,9.268483e-15,0.9997179
2019-05-02,1.1646895e-05,1.0,1.0
2023-08-18,2.0599918e-30,3.944967e-22,5.3477936e-25
2021-09-16,5.8941776e-28,2.5521417e-20,2.4695707e-24
2019-05-29,3.0953095e-20,1.4485011e-05,0.00047468973
2022-02-01,0.9999999,0.99999774,1.0
2023-03-20,1.6148868e-12,2.2842281e-05,1.0
2020-06-08,5.794632e-07,1.0,0.28948113
2022-07-06,3.5779884e-27,4.7610382e-17,3.5180644e-24
2023-11-12,1.0137818e-14,8.9016876e-23,9.443984e-20
2019-06-09,2.846167e-18,3.1053403e-07,1.0203951e-10
2020-03-12,6.443158e-05,0.0088285245,1.0
2019-05-18,3.27863e-11,0.0012372967,1.0
2022-01-17,1.0,0.9999999,1.0
2020-02-27,0.99577457,0.007819662,1.0
2024-07-30,9.6852365e-31,1.46379e-19,2.1646773e-13
2019-12-18,0.9999881,0.9999993,1.0
2021-11-19,0.9999999,0.00066605833,0.0003326309
2020-07-05,8.807306e-25,1.3482098e-17,4.887604e-19
2023-07-01,1.194651e-27,2.0504035e-15,1.3571714e-19
2020-06-17,2.7932913e-17,1.1948803e-05,1.28014666e-08
2024-10-03,3.407515e-21,1.6800866e-21,4.612926e-22
2022-05-16,3.0655353e-11,0.9999964,0.99973387
2021-08-20,1.2358575e-08,8.2741303e-07,1.1191184e-15
2023-03-05,0.19038424,3.307556e-05,1.0
2019-06-07,5.397605e-22,7.67541e-10,1.4799431e-12
2022-12-29,1.0,1.5592386e-05,0.99978465
2022-06-18,4.880318e-27,4.3906608e-17,1.4271342e-20
2021-11-22,1.0,0.021410208,0.0029141228
2019-04-26,3.245297e-07,0.9999126,1.0
2020-03-15,4.122648e-06,0.9287754,1.0
2019-08-27,5.6238884e-24,2.2996924e-22,6.9650304e-24
2020-01-26,0.9937117,0.9999678,1.0
2022-05-13,3.742202e-10,0.99999964,0.9991462
2022-12-07,1.0,4.4650087e-06,1.9718552e-06
2022-03-16,3.990977e-17,2.017111e-18,0.9998636
2020-08-13,1.4031513e-18,1.5544995e-13,1.3493849e-14
2023-10-19,3.545716e-21,4.942567e-23,3.4263877e-22
2024-09-15,4.507496e-21,1.3068735e-18,1.3802183e-17
2019-08-30,9.2418673e-29,2.6480517e-21,8.5699167e-23
2024-08-16,1.8472412e-30,7.55314e-18,2.7770544e-19
2023-12-06,1.0,0.9995198,0.3860304
2020-01-28,0.99967885,0.99999106,1.0
2021-04-27,2.8164942e-07,0.9999325,1.0
2024-09-23,5.4500043e-25,1.4578467e-23,1.8084913e-19
2023-08-12,1.3974834e-26,2.3853773e-24,8.104148e-24
2019-07-11,1.1150734e-24,5.072067e-12,1.2725434e-20
2019-08-28,7.326976e-28,9.01581e-20,1.7274633e-22
2020-02-04,0.99999535,0.9999831,1.0
2020-09-01,7.614699e-27,1.4462667e-20,7.8771755e-21
2021-02-09,0.9999989,6.4935213e-09,0.99999905
2024-12-15,1.0,0.9999536,0.99962103
2024-02-28,6.463107e-18,6.1428036e-22,1.1055214e-11
2019-09-01,1.27741294e-26,4.1485895e-21,1.4464494e-19
2019-09-15,1.0528403e-21,1.673677e-21,1.4568549e-26
2023-06-18,4.3650108e-24,1.21810955e-11,9.103832e-13
2024-08-31,2.9276912e-24,2.317241e-16,4.2794192e-19
2020-01-27,0.9894992,0.99999905,1.0
2023-02-12,0.9999845,0.6507712,0.99995744
2021-08-22,2.3030655e-13,2.8054148e-15,4.2875195e-21
2021-01-04,0.99999857,5.682028e-05,1.0
2022-08-21,1.6933912e-23,3.4858288e-17,1.9120233e-24
2023-01-11,0.9999906,1.8136503e-06,0.99860257
2023-04-09,5.1586374e-19,6.009355e-07,0.99999976
2024-12-03,1.0,0.92910886,0.9792979
2023-07-11,8.091682e-28,5.5140774e-18,1.433274e-17
2023-04-10,4.274117e-19,3.1660659e-09,0.99999917
2021-04-13,2.6937408e-18,1.8015298e-08,0.9999933
2022-11-17,0.9999596,0.03362593,1.0706232e-06
2022-09-19,7.0408616e-19,5.6001553e-21,5.9421964e-28
2023-09-29,1.2692137e-19,4.5944437e-25,1.6520119e-25
2024-10-20,6.1180483e-26,5.0390626e-26,8.2466747e-22
2020-12-16,1.0,0.58378047,0.99999845
2021-11-17,0.9999808,0.016342886,5.714743e-07
2024-12-16,1.0,0.9998129,0.9983612
2023-06-10,2.4651602e-21,6.7919154e-06,2.4215944e-07
2021-12-22,1.0,0.9999976,0.99999976
2023-04-27,6.8091154e-08,0.9996892,1.0
2024-10-28,2.4836298e-23,5.444786e-26,2.1108691e-17
2021-05-09,5.489277e-08,1.0,1.0
2019-04-12,3.63398e-16,9.11565e-07,1.0
2020-11-11,0.999824,3.3534597e-09,9.808957e-07
2023-12-26,1.0,0.9999889,0.9999999
2022-08-14,7.237644e-26,1.2852836e-17,1.2765382e-23
2024-08-01,2.264286e-25,1.579863e-19,3.0652483e-15
2023-06-12,1.3534633e-28,2.110468e-12,5.4071476e-14
2021-02-21,0.99981326,4.736902e-08,1.0
2021-11-30,1.0,0.9781858,0.99997115
2020-02-23,0.98231804,0.048748605,1.0
2021-05-19,4.0198956e-06,0.9999993,1.0
2023-08-16,4.4546947e-28,1.3846249e-20,6.7423705e-25
2022-09-10,3.549362e-18,1.3950815e-18,6.647665e-27
2020-06-24,1.8118454e-21,5.3991867e-12,1.5962984e-19
2020-02-21,0.9453329,3.8074024e-06,1.0
2021-02-26,0.9995152,2.8195707e-05,1.0
2023-02-22,0.0013439199,0.62622017,0.9999999
2019-12-07,0.99999976,0.99999976,0.9999993
2023-08-19,1.4441403e-25,1.2752692e-21,1.2936382e-21
2020-05-21,9.153896e-16,0.9999958,0.0123840645
2021-10-24,1.8801801e-21,2.7826426e-19,4.1560916e-24
2019-09-30,9.527169e-13,6.536549e-18,1.9591756e-22
2022-05-12,2.494963e-12,0.9999982,0.99999464
2024-01-08,1.0,0.9990392,1.0
2020-08-14,4.850058e-23,1.7213912e-15,1.786763e-16
2023-01-18,0.99997985,0.0010391595,0.9999964
2021-08-30,4.9599598e-24,4.443265e-24,4.3737866e-20
2020-05-18,4.6227477e-10,1.0,0.99996555
2022-02-10,0.9999999,0.9999734,1.0
2021-07-25,2.8571178e-28,2.3960738e-25,8.233312e-23
2019-10-26,8.0504144e-08,1.1578407e-15,8.088382e-20
2020-07-01,5.356201e-19,2.8065111e-08,8.326176e-14
2021-07-16,4.153784e-21,6.947783e-16,2.8485958e-21
2024-10-27,2.1050983e-22,1.2035616e-27,4.3275492e-20
2019-05-24,1.7755222e-19,1.3050893e-08,0.73150384
2019-04-16,2.7028126e-08,0.99998844,1.0
2019-12-15,0.99999785,0.9999995,1.0
2023-05-18,3.9129794e-05,0.9999995,0.9999995
2023-09-04,5.663223e-23,1.05461237e-22,2.7565245e-20
2024-10-12,1.4247097e-18,4.5927615e-25,6.4889165e-20
2022-09-17,5.8329145e-20,7.9997534e-22,1.4526866e-27
2019-07-15,6.081755e-24,2.3135472e-14,2.6970644e-24
2020-02-11,0.99964035,0.9999254,1.0
2023-11-28,0.9962017,0.00064126693,0.0038790775
2023-12-01,0.99999785,0.18198699,0.06443238
2019-11-01,2.4329352e-06,1.0669083e-13,5.120019e-18
2022-09-03,3.6869014e-23,3.9353254e-18,4.0714918e-25
2021-06-22,1.1822526e-18,0.7097218,1.1053544e-08
2024-09-16,3.020609e-20,3.534611e-16,1.1040388e-17
2019-11-06,0.9334954,5.4682005e-08,3.388144e-10
2020-10-09,9.3065266e-24,4.950228e-23,8.437704e-21
2021-12-28,1.0,1.0,1.0
2019-06-13,1.3224617e-23,6.1850824e-10,1.1852237e-11
2022-11-16,0.95674443,0.00025543055,2.1786975e-10
2023-06-30,4.1273483e-26,9.4154454e-15,7.752963e-18
2020-05-24,3.2939512e-10,1.0,0.99903333
2023-01-02,0.99999726,1.4897358e-09,0.99926597
2019-04-27,5.0812248e-09,0.99999523,1.0
2021-09-12,1.9329739e-26,2.4475347e-21,6.1176316e-25
2022-06-27,3.0882029e-24,3.399891e-15,2.3148674e-21
2019-10-10,6.64042e-11,8.93786e-15,6.116104e-21
2022-01-26,1.0,0.99980265,1.0
2021-04-20,2.6768903e-18,1.0326783e-08,0.99999917
2024-11-14,7.1772415e-06,8.643915e-13,8.7558715e-13
2020-07-19,6.016641e-22,2.7768439e-18,1.673773e-21
2022-07-14,2.4602181e-29,1.8199616e-16,2.518524e-20
2022-03-24,7.09187e-17,1.4398227e-17,0.99999666
2023-11-19,0.00021471406,2.0694741e-12,2.6722826e-15
2024-02-12,0.9969404,1.11774256e-07,1.0
2020-07-31,4.196811e-25,5.680445e-16,8.667362e-16
2022-03-25,3.463296e-17,1.7244597e-16,0.9999994
2021-05-10,0.002085103,0.9999999,1.0
2023-04-21,3.4707316e-08,0.99999666,1.0
2023-02-19,0.00013055201,0.19395688,1.0
2021-10-08,4.2232604e-18,6.6344936e-19,6.64413e-23
2022-02-26,0.9998342,4.756756e-05,1.0
2021-10-21,8.603878e-17,8.8952475e-21,3.5744897e-23
2022-05-26,6.6197114e-17,0.99998164,0.0029665218
2024-01-20,1.0,0.99999607,0.9999999
2022-02-02,0.9999999,0.9998896,1.0
2022-06-17,2.074427e-26,1.0899752e-15,9.840621e-21
2022-08-09,6.6653933e-26,1.3943275e-16,1.320307e-19
2021-05-26,0.79672307,0.99743783,0.999997
2024-01-12,1.0,0.9999876,1.0
2020-05-06,3.94734e-07,1.0,1.0
2021-11-28,1.0,0.99871385,0.9918275
2021-09-21,6.9879826e-28,9.520934e-25,1.1691622e-24
2019-04-02,5.9133504e-18,5.4314987e-11,0.9999974
2020-11-28,1.0,5.4410457e-08,0.70749784
2019-11-19,0.9991385,1.7980692e-08,0.00010018526
2020-03-17,6.8890135e-05,0.99626166,1.0
2023-07-25,3.6979164e-23,8.368966e-12,1.6867403e-20
2024-06-02,6.3913116e-13,0.8146385,1.4329657e-06
2024-02-11,5.5694938e-05,6.825397e-11,0.9999999
2019-09-05,8.594756e-25,6.437735e-19,3.0774725e-20
2020-07-02,1.202823e-19,2.2745925e-10,3.9260947e-15
2022-06-25,3.0263798e-25,1.0067085e-17,2.8217186e-22
2024-05-01,1.898715e-09,1.0,1.0
2023-07-30,2.8002012e-27,4.6431616e-17,8.096272e-23
2019-10-15,1.8168451e-18,4.28e-22,4.467393e-19
2022-12-08,1.0,0.018070051,0.7510121
2022-07-30,9.798998e-22,8.650484e-12,5.1370117e-21
2019-09-07,3.929248e-19,1.2288373e-18,8.985033e-23
2021-01-03,0.9999999,3.4285417e-06,1.0
2019-03-30,1.6959028e-19,8.251858e-13,0.9999964
2022-01-09,1.0,1.0,1.0
2022-02-21,1.0,0.98957354,1.0
2024-03-15,7.525973e-15,9.7500815e-06,0.9999807
2024-02-07,0.8420851,0.0041731223,1.0
2021-03-04,3.3741254e-09,4.52212e-09,1.0
2020-03-08,0.9038367,6.204919e-05,0.9999999
2022-02-19,1.0,0.7074177,1.0
2024-12-22,1.0,0.9665019,0.99998975
2024-11-25,0.9999993,0.055898283,0.0003234377
2023-12-13,1.0,0.9999652,0.9999515
2022-01-02,0.9999802,1.0,1.0
2020-11-17,0.0067279013,3.810642e-14,1.8620314e-11
2020-06-05,1.2072968e-10,0.9999999,0.008772008
2023-05-24,1.2753255e-09,0.9996724,1.0
2020-06-01,3.7062965e-20,0.0007647725,6.5891314e-08
2021-10-30,2.6675596e-13,1.8476692e-17,5.5666182e-18
2022-11-01,3.8984315e-12,5.9601196e-13,3.9251606e-18
2021-10-22,1.2302603e-15,9.817273e-19,3.1285299e-24
2022-02-09,1.0,0.9988458,1.0
2021-04-29,4.2378835e-07,1.0,1.0
2021-12-11,1.0,0.99540097,1.0
2023-03-25,4.2514237e-08,1.9158831e-08,1.0
2024-02-01,0.99994946,1.6827305e-05,1.0
2020-05-05,9.138881e-07,1.0,1.0
2019-10-06,1.8526576e-11,5.0555035e-19,1.2864441e-20
2021-09-03,5.6737272e-25,1.0933725e-24,1.8871462e-25
2020-11-12,0.9755494,1.039159e-08,6.3692525e-08
2021-06-27,3.638427e-19,3.8909925e-06,1.4746589e-17
2020-06-26,5.8271514e-21,1.5202123e-11,5.4283273e-23
2021-02-11,0.99998236,6.236661e-10,1.0
2020-04-02,3.5643696e-10,0.9551905,1.0
2019-05-13,7.726621e-12,0.95590234,1.0
2023-10-08,1.6132116e-20,5.2779567e-24,6.977103e-24
2021-04-07,4.1666266e-19,3.002599e-14,0.99998915
2024-03-10,6.285892e-20,3.6176708e-17,0.00038226988
2022-03-07,0.9980804,1.7204084e-09,0.9999738
2024-04-29,4.4549756e-06,0.9999999,1.0
2020-12-04,1.0,0.979199,0.9999956
2023-12-15,1.0,0.9999453,0.99998736
2021-08-09,6.6590766e-30,1.8654092e-25,8.308443e-21
2024-03-03,1.1921248e-19,9.398694e-21,2.2050128e-07
2024-08-04,1.5948806e-26,3.60653e-21,1.5184173e-20
2023-09-17,7.4427324e-27,1.1058591e-18,9.916095e-22
2021-06-09,0.0001978555,0.07983678,6.5635475e-05
2024-01-29,1.0,0.9998821,1.0
2024-06-11,2.007003e-10,9.672995e-07,9.323151e-10
2024-10-23,2.286941e-19,4.4932447e-22,1.7713223e-18
2022-02-07,1.0,0.9999542,1.0
2019-10-21,1.6484676e-10,1.8831906e-14,5.3981302e-18
2024-04-26,0.05364203,0.99999976,1.0
2020-06-12,5.3825123e-22,9.021051e-05,7.1143774e-07
2022-05-08,4.214346e-10,1.0,0.99999976
2024-12-09,1.0,0.99529535,0.9816643
2021-07-21,2.5208872e-21,1.1997475e-20,3.96826e-20
2020-02-22,0.9999274,0.00724827,1.0
2020-11-30,1.0,0.012346586,0.9948485
2021-09-30,2.7556464e-24,2.7934426e-23,1.7552523e-26
2021-10-04,8.570972e-21,4.9804254e-21,4.540375e-27
2023-07-29,5.1706223e-24,7.859569e-14,1.1620008e-21
2021-07-12,4.202715e-21,5.421205e-17,6.902385e-20
2024-09-07,6.422171e-23,1.6264357e-19,1.1415811e-18
2024-05-03,1.5539364e-09,0.99994266,0.9999999
2023-10-13,1.161985e-18,1.97101e-24,1.1983082e-25
2024-12-11,1.0,0.99999857,0.9999994
2022-08-29,4.8061797e-26,2.8904833e-16,2.3187667e-27
2019-09-11,1.499078e-22,1.4707467e-20,3.2039353e-21
2022-04-04,6.075656e-09,1.08644316e-10,1.0
2024-06-01,1.5713726e-16,0.99869776,2.0925836e-07
2020-12-27,1.0,0.5580993,0.9999999
2020-07-03,1.640917e-21,2.094069e-15,2.950654e-16
2019-11-25,0.99663603,0.63893515,0.9998498
2020-05-20,7.925045e-12,0.99999845,0.999848
2024-03-18,4.7913973e-15,1.4637278e-06,0.99999976
2024-08-17,8.503268e-28,4.77007e-18,1.4556845e-16
2020-11-29,0.9999999,1.5147642e-05,0.12980272
2024-05-24,2.3123185e-12,5.544571e-05,0.22362201
2020-10-30,4.8353567e-14,1.4937649e-09,2.4398212e-17
2023-03-02,0.00040292248,3.8728192e-08,1.0
2024-12-01,1.0,0.9995728,0.9983724
2023-08-21,1.58525e-24,6.4043735e-19,1.9457774e-21
2022-01-11,1.0,0.9999999,1.0
2019-12-28,0.99997103,1.0,1.0
2021-09-10,2.332463e-28,9.816054e-23,3.3558597e-24
2024-09-01,4.220862e-25,1.3832973e-16,1.8844242e-20
2022-08-30,3.0166422e-24,6.0789035e-16,2.736505e-26
2020-11-25,0.9999995,6.2009406e-08,0.0065413527
2024-12-12,1.0,0.9999387,0.99978656
2020-11-22,0.9981199,1.3368903e-07,0.0004601901
2019-08-24,5.9033385e-27,2.7485312e-22,2.9771242e-22
2024-10-09,2.1587978e-20,2.6627026e-26,3.9671663e-22
2019-12-11,0.9999696,0.99990165,1.0
2023-07-08,1.6114608e-25,9.036251e-15,2.0716055e-17
2020-11-10,0.9954112,1.4268675e-06,2.8127543e-08
2024-11-23,0.9999993,0.26447743,3.0431863e-06
2022-01-28,0.9999999,0.99994695,1.0
2019-12-20,0.99997926,1.0,1.0
2022-06-04,7.7364845e-16,0.99545395,6.9247115e-08
2022-12-17,1.0,0.000367705,0.9982766
2024-03-17,1.2590898e-14,1.912618e-09,0.99999845
2023-04-29,5.6968052e-09,0.9999999,1.0
2024-08-10,2.1600197e-25,1.9709925e-19,2.0921834e-16
2024-05-29,4.3976328e-10,0.9996791,0.0023279553
2020-07-26,2.1657577e-22,2.649495e-15,3.0970518e-16
2020-12-23,1.0,0.42274946,1.0
2020-04-29,3.4403342e-08,1.0,1.0
2021-09-11,2.3367534e-30,4.4786655e-22,1.116262e-22
2021-11-03,1.7942418e-09,2.4994828e-16,1.1516317e-19
2024-05-18,1.078513e-06,0.8603045,0.037112273
2024-10-26,7.791657e-25,4.392911e-22,1.02261147e-19
2023-11-17,3.653075e-07,5.719887e-13,4.0728444e-17
2019-07-13,1.3813196e-24,1.5688657e-09,3.7655384e-20
2019-12-06,0.9999969,0.9998037,0.9994381
2021-08-17,1.2145937e-20,1.8116989e-15,5.447518e-22
2020-05-11,1.0113079e-10,1.0,1.0
2023-09-16,7.7025696e-29,3.4045453e-18,7.592774e-26
2021-09-19,1.3318047e-27,6.449957e-25,6.3947053e-27
2019-12-05,1.0,0.99939215,0.99999964
2021-03-11,0.2988893,6.289372e-08,1.0
2022-09-16,3.1532507e-22,3.68824e-22,1.380085e-27
2022-12-04,1.0,1.8179192e-07,6.347091e-05
2022-11-15,0.99994016,0.005762459,2.606207e-10
2022-09-13,3.0086364e-21,9.116828e-21,1.7244105e-27
2019-05-07,7.099319e-08,0.99999917,0.9999999
2019-08-17,3.917137e-21,5.9816214e-13,5.541506e-20
2020-06-14,3.1279963e-22,0.004476112,2.3685935e-09
2021-11-05,5.972147e-13,3.473965e-11,2.214382e-19
2021-08-03,5.616507e-26,4.9333637e-20,1.3917116e-18
2021-08-05,8.305402e-28,1.6501373e-22,2.1997542e-22
2020-06-18,4.9678638e-21,7.715075e-08,2.3154775e-13
2021-11-11,1.43583625e-08,1.6313721e-12,6.3980034e-18
2023-10-02,2.1453897e-22,1.202949e-23,3.119364e-25
2024-02-14,9.850512e-11,2.5248586e-16,0.99999964
2024-12-27,1.0,0.99921,0.99254686
2021-01-17,0.99992526,0.00023519187,1.0
2023-06-28,6.372922e-23,2.1401568e-12,1.3038082e-15
2020-01-30,0.9998646,0.9999788,1.0
2020-10-18,1.1691077e-18,1.1579383e-22,3.8506744e-21
2023-10-11,1.1342732e-22,2.0681939e-25,1.1233802e-27
2023-08-28,1.06045986e-26,1.8670196e-16,1.05406004e-17
2024-09-25,1.6650695e-26,3.3642807e-24,1.0858012e-21
2022-12-13,1.0,0.8829463,0.99998474
2021-08-28,2.2689626e-26,2.426218e-22,3.5245154e-22
2020-09-26,1.2302466e-22,4.722309e-18,1.30045685e-20
2024-06-30,1.996745e-27,1.7425484e-20,1.425192e-20
2022-12-26,1.0,5.116208e-05,0.99999714
2022-08-15,3.1998476e-26,7.281937e-16,2.3453553e-21
2019-12-25,0.9999745,0.9999993,1.0
2023-05-02,3.9804736e-08,0.99999964,1.0
2021-04-14,8.0747903e-19,1.5929956e-07,0.99998546
2019-06-12,1.8521657e-23,5.225417e-10,2.5074367e-17
2021-03-03,0.0006771368,1.4435986e-09,1.0
2022-11-21,0.99995136,0.003179452,1.2997003e-09
2024-10-21,1.0009801e-24,6.6154905e-26,1.0238709e-22
2024-08-22,5.847141e-23,4.324164e-21,2.3253753e-19
2024-11-09,1.8247503e-17,5.982501e-20,1.384875e-10
2020-08-11,5.2479677e-22,1.3048978e-15,8.5156315e-14
2024-08-02,7.302874e-26,1.2036595e-17,6.497897e-16
2022-09-28,4.53166e-17,1.8005438e-23,5.856616e-27
2020-05-14,4.947424e-12,1.0,0.9999987
2022-05-18,6.7900686e-07,1.0,0.96871245
2019-05-15,9.722676e-13,0.0044581634,0.9999999
2020-12-22,0.9999999,0.99316365,1.0
2021-02-22,0.9999958,4.1008425e-06,1.0
2023-05-15,3.2846426e-09,0.9999938,0.9999999
2022-03-01,0.94385684,9.660055e-08,1.0
2024-06-16,1.23344235e-14,1.1829151e-08,2.0740181e-16
2023-09-01,1.7835551e-24,3.4845034e-22,2.1177871e-19
2019-10-24,1.2108804e-10,8.978388e-15,9.7991576e-20
2020-08-20,9.267496e-22,2.2593621e-15,5.0205404e-21
2021-10-23,6.987146e-16,1.6088209e-16,3.6339273e-22
2024-09-09,8.1305256e-25,5.5114884e-19,3.1133315e-21
2024-11-05,6.1071914e-23,4.5643815e-24,1.5467497e-18
2021-09-22,1.3046891e-22,7.9084686e-26,9.116823e-22
2021-12-07,1.0,0.018531224,0.99999905
2023-10-21,2.272183e-20,1.128493e-24,8.1790126e-20
2024-08-26,3.539535e-24,3.8674533e-15,1.0092787e-14
2021-03-30,1.2776598e-21,7.876269e-15,0.9996189
2020-08-26,5.602819e-16,3.8586116e-15,1.6432426e-19
2021-07-03,2.5577412e-16,9.210059e-07,7.346384e-17
2022-03-03,0.68453985,4.047669e-09,0.99999964
2023-05-22,0.85742253,0.9999988,0.9999968
2020-06-30,1.2703648e-14,8.1175995e-06,1.1602758e-17
2020-12-06,1.0,0.00087570923,0.99669635
2024-08-27,3.4334967e-27,2.393643e-18,1.4287964e-19
2020-09-10,2.3178964e-30,8.29507e-23,8.921822e-21
2024-04-01,2.2616925e-07,0.99997437,1.0
2019-10-03,2.3987198e-15,8.3148115e-22,2.919529e-23
2024-12-31,1.0,0.9991725,0.9998802
2024-07-06,2.1848791e-27,3.4024017e-19,1.3829034e-21
2022-03-17,2.0441066e-10,1.0361751e-18,0.99983525
2022-02-17,1.0,0.99537295,1.0
2024-07-22,2.7074425e-33,2.9753095e-21,1.8363671e-20
2023-08-31,1.506642e-19,7.812089e-21,2.4214275e-23
2019-09-26,9.498994e-16,5.3992458e-17,2.1384984e-25
2021-06-23,3.0447197e-19,0.0001762191,9.853099e-12
2020-12-08,1.0,0.5951125,0.9999784
2024-08-19,9.793757e-24,2.164686e-20,8.2531403e-19
2021-02-04,0.99987864,6.6844335e-09,1.0
2022-03-11,0.0005890536,1.4673251e-13,0.973189
2021-01-18,1.0,5.2605952e-05,1.0
2023-01-27,0.9969618,7.9586134e-05,0.99999523
2020-09-12,3.271813e-31,2.4288746e-23,1.6682981e-20
2022-11-02,5.0919184e-08,1.5272654e-08,4.0499058e-14
2023-08-01,3.6135305e-26,2.8339831e-15,3.7338734e-18
2019-10-27,2.9190041e-09,4.5350695e-16,9.464834e-19
2024-01-02,1.0,0.99994946,1.0
2023-04-07,6.601486e-15,2.7070128e-06,1.0
2023-08-29,2.3188511e-23,1.8646343e-17,1.4764698e-19
2024-03-02,1.6050713e-21,4.817717e-22,2.5440177e-06
2019-09-06,3.613784e-23,1.7623379e-18,6.5839583e-22
2019-09-21,5.642412e-24,2.9923832e-21,3.2327232e-22
2021-12-04,1.0,0.9998628,0.99631613
2022-07-13,3.5948866e-26,3.714866e-17,3.4867676e-20
2021-07-10,1.1640678e-22,5.5946156e-17,5.763586e-23
2021-03-17,0.0011363183,3.747378e-11,1.0
2023-04-12,3.634556e-12,0.79988086,0.9999999
2021-08-31,1.4755042e-23,1.2450028e-25,1.5018181e-24
2024-11-29,1.0,0.76474893,0.0055707945
2023-06-19,3.1086985e-24,1.4743963e-11,2.712392e-12
2023-03-21,2.6664417e-12,1.9246578e-09,1.0
2019-11-04,0.00022482523,2.9066203e-09,2.043218e-17
2021-03-10,0.009234482,5.1041024e-08,1.0
2023-05-07,2.0980882e-10,0.9999999,1.0
2021-05-25,0.0006116107,0.94172704,0.99998367
2024-05-06,8.9902995e-11,1.0,0.99999845
2020-01-06,0.99999917,0.9999989,1.0
2023-02-23,1.723882e-05,0.82859695,0.99999964
2023-06-03,4.5022757e-27,4.1009966e-07,7.137654e-10
2020-09-30,2.776442e-25,1.07085006e-19,4.8780016e-23
2021-05-16,7.626037e-06,0.99999976,1.0
2020-10-07,1.8124182e-22,1.528128e-19,7.9803775e-20
2022-12-09,1.0,2.3705894e-05,0.51581615
2022-12-16,1.0,0.03439611,0.960297
2019-09-28,2.4993012e-16,3.944988e-19,1.0281393e-25
2019-11-28,0.99998474,0.9030513,0.9842293
2023-11-30,0.9999968,0.002660724,4.7312904e-10
2023-01-07,1.0,0.9998286,1.0
2024-04-12,5.946338e-08,1.0,1.0
2020-04-22,2.337688e-06,1.0,1.0
2021-04-19,8.4247316e-16,2.67798e-09,0.99991703
2024-07-18,1.6911783e-29,4.6122853e-25,7.253355e-23
2021-06-20,2.0804778e-22,2.525115e-07,7.438779e-14
2024-08-05,2.46099e-27,1.4442329e-19,1.6162622e-18
2024-09-22,7.686148e-25,2.865475e-23,2.747389e-22
2024-02-13,0.0007966992,1.6254423e-09,1.0
2019-06-26,8.679187e-28,6.744946e-13,6.743172e-24
2024-07-13,1.1744222e-26,2.5780669e-24,2.4437538e-23
2024-06-27,6.3347317e-28,2.6537116e-16,9.936836e-24
2021-05-22,9.986542e-06,0.9999969,0.99999917
2019-10-19,1.7504581e-11,8.721581e-18,9.691827e-21
2019-12-24,0.9994911,0.99999976,1.0
2024-11-01,1.126614e-23,6.889984e-23,4.9473874e-19
2024-08-06,7.939785e-26,3.3862564e-18,1.7912897e-14
2021-07-18,4.739338e-21,1.8119637e-20,1.8431248e-21
2019-07-28,9.191325e-18,2.076524e-08,3.4253084e-19
2020-03-11,4.2045212e-06,4.908867e-08,0.9999989
2020-09-16,1.624875e-24,1.491942e-21,3.166498e-22
2021-12-03,1.0,0.99977964,0.99999607
2023-09-22,1.6649468e-21,3.6078821e-19,6.7620255e-17
2022-07-15,3.362972e-24,2.3992744e-18,8.13575e-22
2021-07-17,2.8276285e-26,1.9542289e-20,1.1025347e-20
2020-07-15,2.6891641e-24,1.7099118e-15,5.2506017e-18
2019-07-03,4.030503e-21,1.9094377e-11,2.1196564e-17
2024-12-30,1.0,0.9999969,1.0
2021-04-28,9.767639e-09,0.9999765,1.0
2023-03-16,6.6575e-08,2.6754553e-11,1.0
2023-11-29,0.9700715,0.0765927,6.7217556e-08
2024-06-22,2.7131599e-18,8.151713e-12,1.3303185e-17
2020-10-17,2.6332812e-16,1.4065705e-18,1.271955e-22
2023-04-08,9.464834e-19,1.4465582e-10,0.9999988
2019-05-16,4.6878716e-16,6.272121e-05,0.99934906
2021-09-04,7.770997e-25,1.0601697e-24,9.382867e-27
2022-04-10,6.185477e-05,0.9734927,1.0
2022-09-14,3.1829687e-22,1.4658386e-22,5.5282633e-29
2019-04-22,1.8444193e-07,0.9999982,1.0
2023-01-30,0.99556893,0.0025577839,0.99998343
2024-04-08,1.9727786e-05,1.0,1.0
2021-10-18,4.6339664e-22,4.2154635e-21,4.8188495e-25
2022-12-18,1.0,4.2414253e-05,0.99913293
2021-02-12,0.9971117,9.095156e-09,0.99997985
2024-12-04,1.0,0.9997954,0.9654926
2022-03-09,0.6378071,2.603386e-13,0.9988111
2024-03-13,7.9349884e-14,9.092296e-16,0.89115226
2023-12-20,1.0,0.9999974,0.99997115
2022-06-19,2.6991508e-26,7.024719e-17,2.9338992e-22
2024-03-28,3.6325654e-09,0.9630527,1.0
2019-08-21,1.1262814e-26,2.9466258e-17,3.464201e-21
2022-11-07,5.030408e-05,7.076458e-08,2.984458e-15
2023-06-07,1.2522618e-25,3.3709945e-08,0.0020404605
2019-12-16,0.9999782,0.99999833,1.0
2022-06-15,1.70695e-26,8.739837e-13,1.8598065e-14
2023-04-24,2.8878913e-10,0.99868006,1.0
2021-06-28,9.532352e-16,0.0012465568,1.3269421e-11
2019-05-27,6.3540316e-17,5.2011205e-07,0.9999645
2024-12-06,1.0,0.9967392,0.99657506
2020-02-03,0.9999019,0.99999297,1.0
2024-09-28,3.8014458e-28,5.84277e-23,1.219111e-19
2022-07-10,4.5957666e-29,1.04026576e-19,1.1609237e-22
2024-03-12,1.6815291e-21,5.012735e-20,4.6549092e-05
2023-10-29,8.1821326e-20,5.7154787e-25,9.11571e-22
2021-04-04,3.0707632e-21,7.126202e-17,0.18922332
2020-12-28,1.0,0.94113505,1.0
2020-10-19,3.0090023e-22,2.1128939e-22,5.867502e-21
2022-02-12,1.0,0.9926103,1.0
2024-01-16,1.0,0.999866,0.9999999
2021-10-29,5.697136e-15,7.043555e-17,3.1298088e-23
2019-06-04,9.745477e-20,1.5716509e-09,5.714241e-08
2020-08-16,1.0640511e-24,6.95542e-16,1.15025954e-23
2020-07-08,5.6927985e-20,1.11596266e-13,3.6333128e-17
2024-09-17,2.2597367e-19,6.405944e-17,4.7490126e-17
2022-03-10,0.27070722,6.4469124e-12,0.999767
2023-05-29,1.9145798e-05,0.99999905,0.99399924
2021-12-09,1.0,0.9995578,0.9999901
2020-09-23,1.769585e-27,7.493897e-20,3.0494794e-23
2024-05-26,1.3241212e-10,0.966734,0.021584779
2023-02-27,6.2386157e-06,1.9339767e-07,0.9999989
2021-04-18,1.2700201e-15,2.1431046e-05,0.99999595
2024-01-26,1.0,0.99986875,1.0
2023-10-23,3.9779963e-17,2.034501e-23,3.9379752e-22
2023-09-15,1.710401e-30,1.5959896e-17,2.0458023e-22
2023-10-22,1.4188597e-15,1.1593045e-21,3.2726517e-22
2023-05-10,1.3467669e-05,0.9999924,1.0
2020-06-22,3.571735e-24,1.1040358e-15,7.6061247e-22
2021-05-24,0.00010897866,0.9977483,0.9999863
2019-12-13,0.999997,0.9999629,1.0
2024-08-30,9.8062485e-23,2.257243e-15,3.046223e-16
2023-05-03,5.659974e-06,0.99999964,1.0
2019-04-19,2.389594e-09,0.9999908,1.0
2021-08-07,3.1064427e-26,9.227583e-25,6.361413e-22
2021-11-24,1.0,0.31263965,0.1502162
2020-08-23,1.40593e-21,2.434904e-16,3.945758e-18
2023-06-02,5.1266843e-25,0.0003963755,0.000105202
2019-11-21,0.99999654,0.003576161,0.0010956519
2020-09-22,2.8446453e-27,5.0237613e-20,1.0014706e-21
2022-11-08,5.59269e-06,7.1691346e-09,3.0164074e-12
2022-05-09,2.2595367e-13,0.999969,0.9999865
2024-01-05,1.0,0.999949,0.9999999
2022-01-05,1.0,1.0,1.0
2021-05-31,7.2192634e-08,0.0006290214,8.255461e-05
2024-05-08,4.5639797e-07,0.99999964,0.9999962
2021-09-27,4.526236e-24,6.720856e-24,5.92697e-25
2024-04-17,0.0005298473,1.0,1.0
2023-01-31,0.97757804,0.0001587017,0.9999989
2024-11-26,0.99999917,0.9908212,0.05731556
2022-01-04,1.0,1.0,1.0
2023-11-27,0.99592185,0.01262697,1.0265317e-06
2022-06-12,6.4394406e-23,3.308948e-07,2.8586768e-13
2020-11-16,0.99999785,9.55653e-12,9.133318e-08
2024-07-02,2.3938968e-27,1.1989462e-21,2.2527864e-23
2023-02-24,0.00040344906,0.9986534,1.0
2020-08-04,1.6226616e-19,1.33188706e-14,3.4178966e-18
2024-02-06,0.9998337,8.8880615e-06,1.0
2020-04-07,7.173496e-17,2.3395914e-05,0.99999976
2019-11-05,0.000657795,1.5474205e-09,8.918646e-16
2022-08-28,2.8000454e-24,8.608244e-17,1.6734248e-25
2024-08-14,4.5949097e-28,7.1441664e-17,7.676448e-18
2024-06-24,4.313369e-23,6.9789763e-10,5.0655475e-17
2021-03-02,0.097309776,6.109953e-07,1.0
2021-03-19,2.0592075e-05,7.279799e-12,1.0
2020-10-27,1.237405e-15,4.893104e-09,3.2709892e-16
2020-02-28,0.99427044,0.0009760903,1.0
2021-03-23,1.1737486e-14,8.380982e-15,0.99999833
2019-04-18,4.773421e-10,0.9999924,1.0
2019-10-23,1.3901368e-07,2.9324774e-15,7.2512985e-18
2023-08-22,3.827871e-21,8.737831e-18,1.2790314e-19
2021-12-26,1.0,1.0,1.0
2022-06-01,8.154042e-09,0.9999995,0.0034617549
2024-02-04,0.8022312,0.00014107989,1.0
2019-10-29,1.8438472e-08,1.2417866e-18,1.3088804e-16
2020-04-28,4.0424627e-08,1.0,1.0
2021-06-11,1.3681254e-09,0.024917444,0.00020972424
2023-01-17,0.9998018,0.00012692195,1.0
2020-10-12,1.0299937e-22,2.176735e-19,1.1110548e-20
2024-07-31,3.0958297e-27,4.149896e-17,3.8221427e-18
2024-06-25,6.510499e-24,9.495367e-13,6.503916e-18
2020-02-16,0.15123433,0.94561195,1.0
2021-03-08,0.08529899,7.9817855e-06,1.0
2023-11-22,0.0004699127,0.0004874713,3.8807027e-11
2019-09-13,3.0672214e-25,8.1242796e-21,1.5209377e-22
2021-11-20,1.0,0.0006917442,0.00056609797
2024-10-25,3.953339e-24,1.9314658e-23,3.5433464e-23
2023-06-15,7.681517e-25,9.760278e-10,5.5746784e-07
2024-08-09,4.622587e-26,7.6168544e-18,2.537462e-14
2020-10-31,1.759309e-10,1.6295132e-11,1.154838e-13
2024-02-10,0.0003793775,8.6264714e-05,1.0
2021-02-27,0.9999999,6.3727396e-07,0.9999999
2023-01-12,0.9999993,4.5418303e-05,0.99997234
2022-11-11,0.17295115,2.0085952e-05,8.7761985e-14
2020-08-19,3.4537673e-19,6.429081e-16,3.1026385e-20
2024-05-22,6.716898e-12,0.111386485,0.08680669
2023-11-06,6.874804e-17,4.0515735e-22,2.6366607e-22
2024-07-15,1.4096142e-28,4.9516416e-24,1.20178865e-23
2019-10-05,7.478738e-11,5.1914025e-21,2.1341508e-21
2021-12-14,1.0,0.99859935,0.9999783
2021-11-04,1.550531e-10,1.2371544e-12,2.4243133e-21
2020-02-29,0.3117564,2.564519e-05,1.0
2022-05-27,3.0932958e-17,0.9925648,8.666653e-06
2020-02-19,0.92716074,0.030098947,1.0
2019-07-16,4.3982915e-23,6.6280033e-12,7.790116e-24
2019-12-03,0.99996316,0.99895585,0.9999939
2023-12-08,0.9999999,0.9987244,0.83999026
2021-01-21,0.9999994,0.00020484511,1.0
2024-11-02,2.7242487e-24,3.65701e-23,1.0681146e-15
2021-11-26,1.0,0.99042994,0.5515534
2024-01-17,1.0,0.9999994,1.0
2024-01-11,1.0,0.9999964,1.0
2020-12-15,1.0,0.7299339,0.9997254
2024-10-30,1.4494867e-20,3.3828155e-22,1.1858035e-17
2023-06-09,5.7607884e-25,9.399774e-09,1.1275458e-10
2022-08-07,1.0161626e-22,1.0120343e-12,4.7352404e-19
2021-06-18,2.4079226e-24,2.4036667e-06,1.2619798e-14
2019-06-21,6.862742e-27,3.002923e-12,1.2817728e-17
2020-02-13,0.9435893,0.92637664,1.0
2024-12-26,1.0,0.9997383,0.9999794
2019-10-02,1.3949947e-13,3.704592e-17,5.1934205e-22
2024-10-29,1.5384259e-22,5.7940492e-24,6.567986e-20
2023-12-14,1.0,0.9981477,0.95916986
2024-11-06,2.3059646e-22,1.00306813e-22,1.2509983e-15
2020-10-11,5.0566337e-22,1.4480476e-23,1.5880903e-22
2021-01-16,0.9999987,0.000108989574,1.0
2020-10-03,3.720515e-22,5.531727e-20,8.5430335e-20
2023-03-18,2.1925488e-15,6.860406e-10,1.0
2021-12-21,1.0,0.99999416,1.0
2023-07-20,1.8591312e-23,1.4501528e-13,8.9557203e-20
2023-05-28,2.540867e-10,0.99999714,0.9708237
2021-05-30,0.012254809,0.40330887,0.93740064
2022-11-22,0.9999988,0.0015342796,7.1608046e-11
2024-07-29,6.3491865e-32,2.9087156e-21,3.093837e-18
2022-01-22,1.0,0.99999976,1.0
2023-05-09,0.011066513,0.99801135,1.0
2023-01-09,1.0,2.19704e-08,0.9999976
2021-02-07,0.994712,2.4262402e-08,1.0
2023-06-25,4.456418e-25,4.9374232e-15,6.861595e-18
2020-01-24,0.9999727,0.9999999,1.0
2022-08-19,3.537075e-26,1.6329417e-15,1.0672861e-18
2021-07-29,4.4853387e-27,3.3669254e-24,5.403612e-25
2024-05-17,7.009306e-08,0.1592999,0.99863654
2024-10-07,2.3558823e-21,9.074954e-27,1.1823636e-21
2024-09-19,4.3663427e-24,1.1881063e-20,4.545731e-19
2023-09-09,3.7638506e-24,4.2936146e-18,2.004456e-24
2023-04-25,1.2934092e-07,0.99988544,1.0
2021-04-10,4.466974e-16,1.3338226e-05,0.9999987
2022-12-15,1.0,0.07480027,0.9988268
2021-02-16,1.0,1.3133133e-10,0.9999876
2020-04-03,7.8024116e-13,0.008649834,1.0
2022-01-27,1.0,0.99999845,1.0
2019-10-08,1.279801e-14,1.0035874e-17,4.9423597e-23
2023-07-03,3.19761e-29,2.8333343e-15,5.9826545e-22
2023-08-02,5.5022044e-26,2.393333e-14,1.7428552e-19
2023-04-16,4.2312625e-09,0.9999827,1.0
2022-09-27,2.2760392e-16,2.1251251e-21,2.2869141e-27
2022-04-07,3.7878616e-09,0.002787147,1.0
2024-07-08,6.4469985e-27,5.637948e-20,1.1325437e-22
2024-09-18,9.1704385e-21,1.1391401e-19,1.2800041e-17
2022-06-09,1.4603162e-18,0.04532286,9.332175e-13
2024-04-02,3.8307594e-08,0.99971646,1.0
2024-05-27,5.508478e-13,0.01407458,3.0952868e-12
2023-04-19,7.2339496e-10,0.99973017,1.0
2023-11-01,1.7512876e-17,3.3738165e-24,4.2371984e-20
2024-08-08,3.967735e-25,5.004912e-16,2.766156e-10
2023-07-17,1.0157773e-18,2.1847105e-10,1.0709794e-14
2019-04-23,4.9241476e-07,1.0,1.0
2019-11-18,0.99999976,0.0070233988,1.1527761e-05
2022-07-27,2.4376209e-21,9.45746e-10,3.9420115e-18
2019-04-13,6.301042e-12,0.00014385217,1.0
2023-10-27,1.1547134e-15,3.9822224e-22,1.097483e-19
2023-05-04,4.0006817e-06,0.9998479,1.0
2021-12-08,0.9999999,0.99809784,0.9999882
2021-03-14,0.0014428418,3.4168106e-09,1.0
2023-06-13,2.6583154e-28,8.104235e-14,2.464144e-14
2022-06-13,1.1809752e-21,5.256784e-11,1.4371504e-17
2024-03-05,6.912648e-24,1.5107844e-21,1.2011045e-10
2022-07-04,3.5293e-25,2.0142286e-17,1.2837949e-23
2020-11-08,0.97507405,2.8287607e-07,9.119179e-09
2021-09-08,1.3039133e-29,4.884058e-21,1.0291875e-24
2022-02-28,0.9994222,0.0006421966,1.0
2020-11-26,1.0,1.2962426e-05,2.881642e-05
2024-11-20,0.99378586,6.073584e-05,0.00031864533
2024-01-30,0.99999917,0.99532616,1.0
2023-10-15,2.485976e-19,1.2879256e-22,1.070616e-21
2023-08-08,1.1863687e-25,2.044947e-19,5.519204e-21
2022-08-03,2.0806537e-21,1.6626964e-14,4.771535e-22
2020-12-25,1.0,0.4980893,0.99470335
2020-09-28,7.412006e-23,1.8622073e-20,1.6802195e-23
2021-03-26,2.1652651e-19,1.3650433e-18,0.9999349
2020-09-03,4.917352e-29,2.8082085e-23,6.1320833e-21
2021-03-20,3.5529e-05,5.4722585e-12,1.0
2024-05-15,1.5797076e-10,0.99972206,0.9576288
2021-07-06,6.3993286e-16,6.865122e-09,7.459284e-17
2023-03-29,5.853101e-15,4.3756487e-12,1.0
2019-12-01,0.99999976,0.9071952,0.9996145
2020-04-06,4.8594685e-22,8.101465e-11,0.9999957
2020-11-24,0.99999976,6.9101294e-09,0.008363685
2023-05-20,3.5906656e-11,0.9999962,0.9999994
2024-01-03,1.0,0.9999939,1.0
2021-10-15,1.6158449e-16,7.989455e-20,4.6065047e-23
2020-04-16,2.6749063e-07,1.0,0.9999999
2022-05-24,8.919927e-11,0.9999993,0.091441356
2023-08-14,6.4997227e-26,8.944966e-20,2.6191862e-23
2019-09-24,2.1502177e-20,7.561147e-20,6.428813e-23
2022-08-18,1.3778685e-22,8.022551e-15,5.091533e-22
2023-11-08,5.247996e-19,6.250851e-23,8.8719366e-20
2023-12-03,0.9999994,0.98699874,0.027462041
2021-07-31,1.1149458e-24,1.2387361e-24,1.5544385e-19
2022-04-09,5.501179e-07,1.828655e-05,1.0
2023-02-03,0.9999188,0.15530379,1.0
2021-02-01,0.99956816,3.356572e-07,1.0
2021-01-14,0.99999976,0.0068504154,1.0
2020-07-27,2.8892903e-25,6.366436e-15,1.5712048e-16
2021-04-30,3.2409754e-12,0.9220422,0.9999994
2023-11-20,4.852265e-07,5.2777477e-08,5.968042e-15
2020-02-02,0.99968743,0.9995431,1.0
2022-01-01,0.9999572,1.0,1.0
2020-10-10,2.4224425e-24,4.0454885e-22,2.9253957e-21
2022-01-08,1.0,0.9999999,1.0
2020-06-06,3.7255106e-09,1.0,0.01251522
2023-03-19,2.3406009e-13,4.26309e-09,1.0
2023-04-13,8.4008834e-17,1.0140371e-05,0.9999999
2022-12-28,0.9999994,8.586327e-06,0.9999988
2023-04-18,4.0466897e-08,0.9972615,1.0
2023-08-11,1.2721071e-27,1.2557402e-24,5.95739e-25
2020-11-19,0.9994729,4.3507654e-12,3.524622e-07
2021-07-27,2.5275413e-28,1.033402e-22,7.109055e-21
2024-02-29,7.16125e-16,1.3918424e-21,1.7698509e-09
2019-09-12,1.273315e-21,6.677527e-20,1.2207845e-22
2019-09-27,6.0782777e-16,2.1627165e-17,5.7539834e-24
2022-02-23,1.0,0.0016023704,1.0
2021-11-02,1.1812556e-12,5.4185638e-15,3.8513226e-20
2024-05-07,4.0011393e-12,1.0,0.9999709
2021-06-21,3.6917926e-19,2.7989256e-06,2.4858958e-15
2021-12-30,0.99999964,1.0,1.0
2024-09-08,1.441063e-19,1.05019496e-17,1.2535179e-19
2022-08-04,4.2141476e-20,1.1486278e-13,1.7660104e-20
2019-12-31,0.99998796,1.0,1.0
2022-06-24,1.0889992e-21,4.389967e-20,2.5338255e-21
